"Correlation_Level","Correlation_Value","Sample_Size","Simulation","MeLSI_F","MeLSI_p","MeLSI_significant","Precision_5","Precision_10","Precision_20","Recall_5","Recall_10","Recall_20","Mean_Rank","AUC_ROC","Euclidean_F","Euclidean_p","Euclidean_significant","BrayCurtis_F","BrayCurtis_p","BrayCurtis_significant","Jaccard_F","Jaccard_p","Jaccard_significant","WeightedUniFrac_F","WeightedUniFrac_p","WeightedUniFrac_significant","UnweightedUniFrac_F","UnweightedUniFrac_p","UnweightedUniFrac_significant","Best_Traditional","Best_Traditional_F"
"None",0,100,1,1.60185952419879,0.0298507462686567,TRUE,0.8,0.5,0.3,0.4,0.5,0.6,13.5555555555556,0.927905004240882,1.32663228721127,0.004,TRUE,1.70518944721782,0.001,TRUE,1.29674716566326,0.05,FALSE,1.28657018770863,0.122,FALSE,1.37420952517433,0.043,TRUE,"BrayCurtis",1.70518944721782
"None",0,100,10,1.39707454954267,0.159203980099502,FALSE,0.4,0.4,0.3,0.2,0.4,0.6,31.4,0.800769230769231,1.09845950764148,0.161,FALSE,1.44697185397096,0.002,TRUE,0.795900716497697,0.903,FALSE,1.24202619037955,0.125,FALSE,0.64140908638926,0.955,FALSE,"BrayCurtis",1.44697185397096
"Low",0.3,100,50,1.87286419063004,0.00497512437810945,TRUE,0.2,0.2,0.15,0.1,0.2,0.3,42.6,0.714615384615385,1.47369531073841,0.001,TRUE,1.5629648898728,0.001,TRUE,1.31912538982835,0.039,TRUE,2.48976467093571,0.001,TRUE,1.31102689648815,0.054,FALSE,"WeightedUniFrac",2.48976467093571
"Moderate",0.6,100,1,1.62162521308051,0.00497512437810945,TRUE,0.6,0.5,0.3,0.3,0.5,0.6,35.8888888888889,0.76420695504665,1.29997993546731,0.005,TRUE,1.59967166280785,0.001,TRUE,1.01618496070144,0.47,FALSE,1.30085836116618,0.119,FALSE,0.824447765457598,0.776,FALSE,"BrayCurtis",1.59967166280785
"Moderate",0.6,100,2,1.47541832103493,0.0497512437810945,TRUE,0.6,0.4,0.35,0.3,0.4,0.7,32.2,0.794615384615385,1.18935340315471,0.045,TRUE,1.42855350012313,0.001,TRUE,0.799686734677346,0.869,FALSE,0.914017671685725,0.56,FALSE,0.657084135900616,0.966,FALSE,"BrayCurtis",1.42855350012313
"Moderate",0.6,100,3,1.51528469456396,0.054726368159204,FALSE,0.2,0.3,0.2,0.1,0.3,0.4,52.8888888888889,0.634435962680237,1.19129796312429,0.035,TRUE,1.3912585096014,0.001,TRUE,0.905296924127844,0.71,FALSE,1.02423989438557,0.384,FALSE,0.890915334207603,0.675,FALSE,"BrayCurtis",1.3912585096014
"Moderate",0.6,100,4,1.54245065453631,0.0348258706467662,TRUE,0.6,0.4,0.2,0.3,0.4,0.4,32.3,0.793846153846154,1.25277955989497,0.007,TRUE,1.53954140898777,0.001,TRUE,1.19344988277049,0.139,FALSE,1.41749395454785,0.112,FALSE,1.38150369325619,0.046,TRUE,"BrayCurtis",1.53954140898777
"Moderate",0.6,100,35,1.26838021450798,0.656716417910448,FALSE,0.2,0.1,0.1,0.1,0.1,0.2,41.4,0.716923076923077,1.02762989550038,0.394,FALSE,1.22236642526586,0.044,TRUE,0.998900033959681,0.466,FALSE,1.12449219059967,0.265,FALSE,0.921590897045137,0.647,FALSE,"BrayCurtis",1.22236642526586
"Moderate",0.6,100,6,1.34420903060119,0.373134328358209,FALSE,0.6,0.4,0.3,0.3,0.4,0.6,32.7777777777778,0.787955894826124,1.09788134157323,0.177,FALSE,1.39622961242331,0.001,TRUE,0.699342260991992,0.955,FALSE,1.15665867437805,0.242,FALSE,0.550790604014133,0.991,FALSE,"BrayCurtis",1.39622961242331
"Moderate",0.6,100,7,1.76699452082483,0.00497512437810945,TRUE,0.6,0.5,0.35,0.3,0.5,0.7,35.7,0.767692307692308,1.45740320682746,0.001,TRUE,1.81885726023471,0.001,TRUE,1.02966694373264,0.438,FALSE,1.57483483916405,0.022,TRUE,1.13342758937933,0.263,FALSE,"BrayCurtis",1.81885726023471
"Moderate",0.6,100,36,1.55887143422168,0.0298507462686567,TRUE,0.4,0.3,0.15,0.2,0.3,0.3,45.2222222222222,0.686174724342663,1.23225880295252,0.015,TRUE,1.46163614486847,0.001,TRUE,1.14069655149494,0.209,FALSE,1.25533339285652,0.191,FALSE,1.12566976398451,0.266,FALSE,"BrayCurtis",1.46163614486847
"Moderate",0.6,100,9,1.35250938969493,0.323383084577114,FALSE,0.2,0.2,0.25,0.1,0.2,0.5,35.7777777777778,0.765055131467345,1.05787217063496,0.314,FALSE,1.33607445257976,0.001,TRUE,0.812844415525536,0.857,FALSE,0.891540501188887,0.619,FALSE,0.673020821634298,0.94,FALSE,"BrayCurtis",1.33607445257976
"None",0,100,11,1.40960921251647,0.194029850746269,FALSE,0.4,0.4,0.35,0.2,0.4,0.7,27,0.834615384615385,1.19429633966701,0.037,TRUE,1.67062879085899,0.001,TRUE,0.849495315365529,0.8,FALSE,1.40491864960486,0.054,FALSE,0.830838817096563,0.774,FALSE,"BrayCurtis",1.67062879085899
"Moderate",0.6,100,10,1.76908835990236,0.00497512437810945,TRUE,0.4,0.4,0.2,0.2,0.4,0.4,45.8888888888889,0.687871077184054,1.44297414377712,0.001,TRUE,1.44995039258548,0.001,TRUE,1.2270118416196,0.12,FALSE,1.17625732891389,0.18,FALSE,1.17619872956647,0.18,FALSE,"BrayCurtis",1.44995039258548
"Moderate",0.6,100,37,1.41382028955839,0.18407960199005,FALSE,0.2,0.2,0.2,0.1,0.2,0.4,53.3333333333333,0.623409669211196,1.09261140138621,0.19,FALSE,1.2512005579484,0.017,TRUE,0.743486991292997,0.922,FALSE,1.01107493066303,0.445,FALSE,0.539024462160843,0.988,FALSE,"BrayCurtis",1.2512005579484
"Moderate",0.6,100,12,1.66498938535597,0.00497512437810945,TRUE,0.8,0.5,0.3,0.4,0.5,0.6,39.1,0.741538461538462,1.36584352107271,0.001,TRUE,1.81514118935857,0.001,TRUE,1.36552951264265,0.029,TRUE,1.59701453113748,0.044,TRUE,1.42586973748939,0.032,TRUE,"BrayCurtis",1.81514118935857
"Moderate",0.6,100,13,1.33897700187799,0.383084577114428,FALSE,0.4,0.3,0.35,0.2,0.3,0.7,24.375,0.849431818181818,1.08608370270229,0.202,FALSE,1.3507244236779,0.003,TRUE,1.4039284346105,0.012,TRUE,0.947414803102549,0.508,FALSE,1.52269914358592,0.009,TRUE,"UnweightedUniFrac",1.52269914358592
"Moderate",0.6,100,14,1.64653232463139,0.00497512437810945,TRUE,0.6,0.4,0.25,0.3,0.4,0.5,20.9,0.881538461538461,1.33996668722723,0.002,TRUE,1.84366128946766,0.001,TRUE,0.963567316700782,0.559,FALSE,1.3680193728638,0.115,FALSE,1.02239977821053,0.425,FALSE,"BrayCurtis",1.84366128946766
"Moderate",0.6,100,29,1.46445658531324,0.134328358208955,FALSE,0.4,0.3,0.25,0.2,0.3,0.5,35.2222222222222,0.769296013570823,1.16537339927896,0.094,FALSE,1.35482273207443,0.003,TRUE,0.847136604503586,0.801,FALSE,1.72165194515147,0.023,TRUE,0.833426201555067,0.767,FALSE,"WeightedUniFrac",1.72165194515147
"Moderate",0.6,100,16,1.32212944889203,0.472636815920398,FALSE,0.4,0.3,0.15,0.2,0.3,0.3,40.7777777777778,0.726887192536047,1.02766056233777,0.399,FALSE,1.45225725116698,0.001,TRUE,1.01597294318805,0.424,FALSE,1.10977977140197,0.288,FALSE,0.993701733481402,0.459,FALSE,"BrayCurtis",1.45225725116698
"Moderate",0.6,100,17,1.53730978117937,0.0398009950248756,TRUE,0.8,0.4,0.25,0.4,0.4,0.5,24.1,0.856923076923077,1.22829819302812,0.021,TRUE,1.53071135187673,0.001,TRUE,0.895383332142363,0.699,FALSE,1.01535916606596,0.4,FALSE,0.81781878097782,0.791,FALSE,"BrayCurtis",1.53071135187673
"Moderate",0.6,100,18,1.72809762043595,0.00497512437810945,TRUE,0.4,0.4,0.3,0.2,0.4,0.6,20.3,0.886153846153846,1.41276628952238,0.001,TRUE,1.79820348988703,0.001,TRUE,1.41462033448284,0.017,TRUE,1.2069248770663,0.209,FALSE,1.43349929424952,0.028,TRUE,"BrayCurtis",1.79820348988703
"Moderate",0.6,100,30,1.45832043217805,0.134328358208955,FALSE,0.4,0.3,0.25,0.2,0.3,0.5,38.2222222222222,0.746395250212044,1.15719742781815,0.072,FALSE,1.32586268873476,0.007,TRUE,0.978348131434505,0.522,FALSE,1.40586186583413,0.102,FALSE,1.1238136803248,0.26,FALSE,"WeightedUniFrac",1.40586186583413
"None",0,100,12,1.70881732830071,0.00497512437810945,TRUE,0.4,0.4,0.2,0.2,0.4,0.4,38.5555555555556,0.743850720949958,1.34095316780106,0.002,TRUE,1.56572488890261,0.001,TRUE,1.13260107492451,0.234,FALSE,1.22286180583226,0.172,FALSE,1.23085842773677,0.159,FALSE,"BrayCurtis",1.56572488890261
"Moderate",0.6,100,20,1.39941356346361,0.174129353233831,FALSE,0.4,0.3,0.2,0.2,0.3,0.4,41,0.726923076923077,1.12141268120826,0.128,FALSE,1.43973952883504,0.003,TRUE,0.793216552570036,0.899,FALSE,1.32507936079934,0.121,FALSE,0.729980293100013,0.893,FALSE,"BrayCurtis",1.43973952883504
"Moderate",0.6,100,21,1.48028341216296,0.0696517412935323,FALSE,0.6,0.3,0.25,0.3,0.3,0.5,22.5,0.863636363636364,1.20958255967405,0.033,TRUE,1.65440889188352,0.001,TRUE,0.737210241531232,0.922,FALSE,1.62887007930974,0.034,TRUE,0.76819142768902,0.862,FALSE,"BrayCurtis",1.65440889188352
"Moderate",0.6,100,22,1.3732288059821,0.248756218905473,FALSE,0.4,0.4,0.25,0.2,0.4,0.5,16.4285714285714,0.906552094522019,1.09318475537723,0.178,FALSE,1.33458613097997,0.008,TRUE,1.23089295404217,0.101,FALSE,1.20772880452037,0.18,FALSE,1.24406364050185,0.102,FALSE,"BrayCurtis",1.33458613097997
"Moderate",0.6,100,31,1.52069860374047,0.0646766169154229,FALSE,0.2,0.1,0.15,0.1,0.1,0.3,43.75,0.702651515151515,1.15754668931541,0.07,FALSE,1.43729356283815,0.002,TRUE,1.13115341916049,0.234,FALSE,1.4001106396587,0.092,FALSE,1.0212430296872,0.465,FALSE,"BrayCurtis",1.43729356283815
"Moderate",0.6,100,24,1.59629835552136,0.0149253731343284,TRUE,1,0.6,0.3,0.5,0.6,0.6,27.3,0.832307692307692,1.29469354327467,0.005,TRUE,1.75525095882662,0.001,TRUE,0.914917799612412,0.681,FALSE,1.40370915735037,0.085,FALSE,0.803957854839989,0.833,FALSE,"BrayCurtis",1.75525095882662
"Moderate",0.6,100,25,1.65564050669982,0.00995024875621891,TRUE,0.6,0.4,0.25,0.3,0.4,0.5,20.75,0.876893939393939,1.31921622370638,0.003,TRUE,1.66453159994919,0.001,TRUE,1.1714009395461,0.175,FALSE,1.82619022810491,0.014,TRUE,1.13628145706421,0.248,FALSE,"WeightedUniFrac",1.82619022810491
"Moderate",0.6,100,26,1.42981185249198,0.139303482587065,FALSE,0.6,0.3,0.15,0.3,0.3,0.3,50.3,0.655384615384615,1.14640032534793,0.094,FALSE,1.55107337517249,0.001,TRUE,0.752882357753717,0.922,FALSE,1.40173388963046,0.074,FALSE,0.755435054278001,0.887,FALSE,"BrayCurtis",1.55107337517249
"Moderate",0.6,100,32,1.38283011431864,0.253731343283582,FALSE,0.8,0.4,0.35,0.4,0.4,0.7,28.4444444444444,0.821034775233249,1.09581614443137,0.169,FALSE,1.41614533481625,0.001,TRUE,0.910460635412761,0.665,FALSE,1.11376517797998,0.302,FALSE,0.851097642088473,0.777,FALSE,"BrayCurtis",1.41614533481625
"Moderate",0.6,100,28,1.5333562740404,0.0348258706467662,TRUE,0.8,0.4,0.25,0.4,0.4,0.5,30.8,0.805384615384615,1.24891341973127,0.011,TRUE,1.75296800416214,0.001,TRUE,0.962544374466223,0.594,FALSE,1.36435461763836,0.097,FALSE,1.0806302100575,0.358,FALSE,"BrayCurtis",1.75296800416214
"Moderate",0.6,100,29,1.68350360653313,0.00497512437810945,TRUE,0.8,0.5,0.25,0.4,0.5,0.5,27.75,0.823863636363636,1.40638615364775,0.001,TRUE,1.63460633484036,0.001,TRUE,1.27033008151028,0.076,FALSE,2.28301211101963,0.004,TRUE,1.19704860340477,0.204,FALSE,"WeightedUniFrac",2.28301211101963
"None",0,100,4,1.53107060658628,0.0398009950248756,TRUE,0.6,0.4,0.2,0.3,0.4,0.4,28.7142857142857,0.814178302900107,1.18387923843085,0.045,TRUE,1.2760974496168,0.011,TRUE,1.3375691166679,0.041,TRUE,1.07101314463274,0.338,FALSE,1.24957600209392,0.123,FALSE,"Jaccard",1.3375691166679
"Moderate",0.6,100,30,1.40012203024002,0.17910447761194,FALSE,0.4,0.2,0.15,0.2,0.2,0.3,32.2222222222222,0.792196776929601,1.12105410643899,0.118,FALSE,1.49508523071348,0.001,TRUE,1.14583758722002,0.185,FALSE,1.08634641093225,0.309,FALSE,1.10340285580058,0.313,FALSE,"BrayCurtis",1.49508523071348
"Moderate",0.6,100,33,1.54452591848627,0.0497512437810945,TRUE,0.6,0.4,0.3,0.3,0.4,0.6,35.1,0.772307692307692,1.28479626339698,0.011,TRUE,1.71512099418762,0.001,TRUE,0.844619652740729,0.809,FALSE,1.61083952871014,0.043,TRUE,0.807816681429234,0.802,FALSE,"BrayCurtis",1.71512099418762
"Moderate",0.6,100,32,1.29114830093138,0.497512437810945,FALSE,0.6,0.3,0.2,0.3,0.3,0.4,18.6666666666667,0.895674300254453,0.991484009273907,0.535,FALSE,1.24157741874023,0.029,TRUE,1.29110891435276,0.056,FALSE,1.16276832395826,0.255,FALSE,1.45452901939386,0.018,TRUE,"UnweightedUniFrac",1.45452901939386
"Moderate",0.6,100,33,1.31988783224483,0.383084577114428,FALSE,0.6,0.3,0.2,0.3,0.3,0.4,43.7777777777778,0.703986429177269,1.08916189132361,0.184,FALSE,1.39451282531164,0.003,TRUE,0.773693023371103,0.898,FALSE,1.19569353123809,0.213,FALSE,0.822397881753636,0.793,FALSE,"BrayCurtis",1.39451282531164
"Moderate",0.6,100,34,1.56470516593217,0.054726368159204,FALSE,0.4,0.3,0.25,0.2,0.3,0.5,44.7777777777778,0.696352841391009,1.20918558458607,0.033,TRUE,1.43277024937849,0.001,TRUE,0.878499243625015,0.732,FALSE,1.59062440215753,0.041,TRUE,0.90656715738443,0.677,FALSE,"WeightedUniFrac",1.59062440215753
"Moderate",0.6,100,34,1.49237050883091,0.0746268656716418,FALSE,0.8,0.5,0.3,0.4,0.5,0.6,34.7,0.775384615384615,1.24833797757077,0.01,TRUE,1.44555112304274,0.001,TRUE,1.04314439506293,0.386,FALSE,1.13016566409433,0.28,FALSE,0.903473159627153,0.657,FALSE,"BrayCurtis",1.44555112304274
"Moderate",0.6,100,36,1.53531092036957,0.00995024875621891,TRUE,0.4,0.3,0.2,0.2,0.3,0.4,44.9,0.696923076923077,1.22212362743766,0.022,TRUE,1.55717125883026,0.001,TRUE,1.08131330503152,0.299,FALSE,1.58110134432826,0.051,FALSE,1.18156660720237,0.189,FALSE,"WeightedUniFrac",1.58110134432826
"Moderate",0.6,100,37,1.49469049200838,0.0696517412935323,FALSE,0.8,0.5,0.3,0.4,0.5,0.6,19,0.896153846153846,1.33737354347515,0.002,TRUE,1.64097038026508,0.001,TRUE,1.17173426335656,0.177,FALSE,1.61263171232068,0.044,TRUE,1.21149435847432,0.145,FALSE,"BrayCurtis",1.64097038026508
"Moderate",0.6,100,38,1.3778298757128,0.203980099502488,FALSE,0.2,0.2,0.25,0.1,0.2,0.5,41.8,0.720769230769231,1.11490967294498,0.143,FALSE,1.38685641022524,0.002,TRUE,0.982407502021831,0.509,FALSE,1.24049214200876,0.184,FALSE,0.903817299576109,0.68,FALSE,"BrayCurtis",1.38685641022524
"Moderate",0.6,100,35,1.62580921732914,0.0149253731343284,TRUE,0.6,0.5,0.35,0.3,0.5,0.7,13.5555555555556,0.934690415606446,1.28551276842268,0.006,TRUE,1.72385856453068,0.001,TRUE,1.1750085100514,0.171,FALSE,1.49009407150126,0.061,FALSE,1.24673687255531,0.113,FALSE,"BrayCurtis",1.72385856453068
"None",0,100,14,1.57103933998846,0.0199004975124378,TRUE,0.6,0.5,0.3,0.3,0.5,0.6,28,0.826923076923077,1.34093581608131,0.002,TRUE,1.73613951159861,0.001,TRUE,1.03152202070702,0.413,FALSE,2.53236708634893,0.002,TRUE,0.961799215681019,0.568,FALSE,"WeightedUniFrac",2.53236708634893
"Moderate",0.6,100,40,1.22476473089773,0.661691542288557,FALSE,0.4,0.2,0.15,0.2,0.2,0.3,42.8888888888889,0.710771840542833,0.966717848630485,0.629,FALSE,1.30761110545935,0.014,TRUE,0.717401556070337,0.938,FALSE,1.75809131887493,0.022,TRUE,0.697076380385569,0.922,FALSE,"WeightedUniFrac",1.75809131887493
"Moderate",0.6,100,41,1.47088303261643,0.0945273631840796,FALSE,0.4,0.5,0.25,0.2,0.5,0.5,35.8,0.766923076923077,1.18719011653491,0.056,FALSE,1.49131177461964,0.001,TRUE,1.01615516758966,0.442,FALSE,1.41050778235348,0.093,FALSE,0.814506351940785,0.807,FALSE,"BrayCurtis",1.49131177461964
"Moderate",0.6,100,42,1.66496765265499,0.00497512437810945,TRUE,0.4,0.2,0.25,0.2,0.2,0.5,29.7777777777778,0.810856658184902,1.3037946313293,0.003,TRUE,1.75242482896607,0.001,TRUE,1.09896837998502,0.278,FALSE,1.48773532302993,0.07,FALSE,0.869975086679796,0.697,FALSE,"BrayCurtis",1.75242482896607
"Moderate",0.6,100,36,1.60302769760025,0.00995024875621891,TRUE,0.8,0.5,0.3,0.4,0.5,0.6,21.6,0.876153846153846,1.35914806190313,0.001,TRUE,1.7697818668916,0.001,TRUE,0.962870778261115,0.599,FALSE,1.64998283703084,0.028,TRUE,0.952186446999083,0.589,FALSE,"BrayCurtis",1.7697818668916
"Moderate",0.6,100,44,1.62842146862955,0.00995024875621891,TRUE,0.8,0.6,0.35,0.4,0.6,0.7,19.7,0.890769230769231,1.30094654343654,0.003,TRUE,1.57691100391664,0.001,TRUE,1.1759347920497,0.186,FALSE,0.992614850587567,0.433,FALSE,1.07883946752408,0.344,FALSE,"BrayCurtis",1.57691100391664
"Moderate",0.6,100,45,1.55221321400839,0.0199004975124378,TRUE,0.4,0.2,0.25,0.2,0.2,0.5,24.1111111111111,0.854113655640373,1.23280183271097,0.015,TRUE,1.57101146406613,0.001,TRUE,0.740385484478694,0.952,FALSE,1.56160992507281,0.036,TRUE,0.667771487112745,0.955,FALSE,"BrayCurtis",1.57101146406613
"Moderate",0.6,100,46,1.40365499915009,0.194029850746269,FALSE,0.4,0.3,0.15,0.2,0.3,0.3,52.8,0.636153846153846,1.1195563760578,0.128,FALSE,1.20253226660297,0.035,TRUE,1.1970648639877,0.151,FALSE,1.50199631635585,0.084,FALSE,1.34659478136115,0.061,FALSE,"WeightedUniFrac",1.50199631635585
"Moderate",0.6,100,37,1.32691670667225,0.427860696517413,FALSE,0.6,0.5,0.3,0.3,0.5,0.6,39.6,0.737692307692308,1.06880953146708,0.239,FALSE,1.30025104145578,0.009,TRUE,0.95635741145552,0.594,FALSE,1.59206001227487,0.024,TRUE,0.995031417725841,0.455,FALSE,"WeightedUniFrac",1.59206001227487
"Moderate",0.6,100,48,1.65870561379077,0.00995024875621891,TRUE,0.4,0.4,0.35,0.2,0.4,0.7,23.8,0.859230769230769,1.32593616598967,0.002,TRUE,1.60118070425273,0.001,TRUE,0.926619325396917,0.649,FALSE,2.23560677313153,0.009,TRUE,0.955639831981334,0.561,FALSE,"WeightedUniFrac",2.23560677313153
"Moderate",0.6,100,49,1.33263445512548,0.407960199004975,FALSE,0.6,0.5,0.35,0.3,0.5,0.7,17.8,0.905384615384615,1.08768597054044,0.189,FALSE,1.56041437706921,0.001,TRUE,0.516352056348766,0.999,FALSE,1.61930793810156,0.043,TRUE,0.524925839185212,0.99,FALSE,"WeightedUniFrac",1.61930793810156
"None",0,100,15,1.57044882165781,0.0248756218905473,TRUE,0.8,0.4,0.2,0.4,0.4,0.4,34.3,0.778461538461538,1.30350014856537,0.003,TRUE,1.7468253727382,0.001,TRUE,0.813805322843173,0.863,FALSE,2.17938837766569,0.002,TRUE,0.975167921848147,0.516,FALSE,"WeightedUniFrac",2.17938837766569
"Moderate",0.6,100,50,1.52803955033896,0.0447761194029851,TRUE,0,0.1,0.1,0,0.1,0.2,40.625,0.726325757575758,1.17854587176524,0.05,FALSE,1.48202336189106,0.001,TRUE,0.957485006135635,0.578,FALSE,1.54990034595033,0.03,TRUE,1.05710867655913,0.361,FALSE,"WeightedUniFrac",1.54990034595033
"High",0.8,100,1,1.58922864545624,0.0149253731343284,TRUE,0.4,0.5,0.3,0.2,0.5,0.6,35.7,0.767692307692308,1.27608763714903,0.011,TRUE,1.813826986567,0.001,TRUE,0.908839807291352,0.668,FALSE,1.43515236793225,0.111,FALSE,0.868436114852853,0.729,FALSE,"BrayCurtis",1.813826986567
"High",0.8,100,38,1.37883421066856,0.223880597014925,FALSE,0.8,0.5,0.25,0.4,0.5,0.5,24.6,0.853076923076923,1.10773513390951,0.142,FALSE,1.20354418467377,0.049,TRUE,1.21963990194811,0.088,FALSE,0.808298518044618,0.678,FALSE,1.42458416653412,0.027,TRUE,"UnweightedUniFrac",1.42458416653412
"High",0.8,100,3,1.51314795925026,0.0497512437810945,TRUE,0.8,0.7,0.4,0.4,0.7,0.8,14.4,0.931538461538462,1.22730117250661,0.024,TRUE,1.53762365325907,0.001,TRUE,0.642370163845671,0.981,FALSE,1.23273526389446,0.197,FALSE,0.589620221067363,0.982,FALSE,"BrayCurtis",1.53762365325907
"High",0.8,100,4,1.65499591032317,0.00995024875621891,TRUE,0,0.1,0.1,0,0.1,0.2,44.5714285714286,0.694951664876477,1.32397094264715,0.003,TRUE,1.55940417173814,0.001,TRUE,1.26707497714333,0.083,FALSE,2.73075408823541,0.001,TRUE,0.929782842047905,0.588,FALSE,"WeightedUniFrac",2.73075408823541
"High",0.8,100,5,1.49185675184279,0.0995024875621891,FALSE,0.8,0.5,0.3,0.4,0.5,0.6,37.3,0.755384615384615,1.15902332024302,0.079,FALSE,1.24018484620019,0.042,TRUE,1.22685292860617,0.119,FALSE,0.7726022560609,0.761,FALSE,1.25496638794471,0.129,FALSE,"UnweightedUniFrac",1.25496638794471
"High",0.8,100,39,1.54902785982488,0.0248756218905473,TRUE,0,0.2,0.2,0,0.2,0.4,39.5,0.738461538461539,1.22896420766052,0.023,TRUE,1.55075824082622,0.001,TRUE,1.10860771250734,0.246,FALSE,0.970069939841019,0.444,FALSE,1.03550932343043,0.417,FALSE,"BrayCurtis",1.55075824082622
"High",0.8,100,7,1.36173186670804,0.298507462686567,FALSE,0.8,0.6,0.4,0.4,0.6,0.8,17.1,0.910769230769231,1.10573984187637,0.162,FALSE,1.69345565759109,0.001,TRUE,0.765562058269328,0.928,FALSE,1.12977126482699,0.273,FALSE,0.770320126998274,0.881,FALSE,"BrayCurtis",1.69345565759109
"High",0.8,100,8,1.49430623387411,0.0646766169154229,FALSE,0.4,0.3,0.35,0.2,0.3,0.7,25.3,0.847692307692308,1.23430766428368,0.018,TRUE,1.38354492058024,0.004,TRUE,1.24699186538026,0.079,FALSE,0.984683330134647,0.436,FALSE,1.38149815287532,0.05,FALSE,"BrayCurtis",1.38354492058024
"High",0.8,100,9,1.62824392302231,0.00995024875621891,TRUE,0.8,0.5,0.35,0.4,0.5,0.7,23.3,0.863076923076923,1.37539115612401,0.002,TRUE,1.60673204281297,0.001,TRUE,1.04906898680675,0.395,FALSE,1.63543953883095,0.043,TRUE,1.10243448798469,0.319,FALSE,"WeightedUniFrac",1.63543953883095
"None",0,100,16,1.54620310151534,0.0597014925373134,FALSE,0.4,0.3,0.3,0.2,0.3,0.6,36.1,0.764615384615385,1.20105499153234,0.03,TRUE,1.54063816480901,0.001,TRUE,1.19078285684986,0.138,FALSE,1.16329499426709,0.216,FALSE,1.18465216956631,0.175,FALSE,"BrayCurtis",1.54063816480901
"High",0.8,100,40,1.77704955056405,0.00497512437810945,TRUE,0.6,0.4,0.25,0.3,0.4,0.5,47.7,0.675384615384615,1.48593336528769,0.001,TRUE,1.98207216634548,0.001,TRUE,1.09404881883646,0.297,FALSE,1.71110710423439,0.024,TRUE,0.999965332244756,0.455,FALSE,"BrayCurtis",1.98207216634548
"High",0.8,100,11,1.60538340709548,0.0199004975124378,TRUE,0.6,0.3,0.25,0.3,0.3,0.5,41.4444444444444,0.721798134011874,1.2789787608979,0.007,TRUE,1.3618314036802,0.006,TRUE,1.06333406619308,0.373,FALSE,1.26116321737902,0.188,FALSE,1.0327446011897,0.437,FALSE,"BrayCurtis",1.3618314036802
"High",0.8,100,12,1.65061799780685,0.0248756218905473,TRUE,0.6,0.4,0.25,0.3,0.4,0.5,38.5,0.746153846153846,1.39439691435371,0.001,TRUE,1.69569398043158,0.001,TRUE,0.932261704798101,0.63,FALSE,1.20292648598787,0.219,FALSE,0.780336671913251,0.85,FALSE,"BrayCurtis",1.69569398043158
"High",0.8,100,13,1.58827727993901,0.0199004975124378,TRUE,0.4,0.3,0.2,0.2,0.3,0.4,28.7777777777778,0.818490245971162,1.24638739934385,0.019,TRUE,1.4563080938657,0.001,TRUE,1.05477515215039,0.378,FALSE,1.26148953023978,0.186,FALSE,1.1205516478133,0.287,FALSE,"BrayCurtis",1.4563080938657
"High",0.8,100,41,1.41384183710946,0.218905472636816,FALSE,1,0.5,0.25,0.5,0.5,0.5,38.3333333333333,0.745547073791349,1.1387554474416,0.111,FALSE,1.51816579868992,0.001,TRUE,0.970649509842682,0.56,FALSE,1.30479695379793,0.135,FALSE,1.01260326954232,0.431,FALSE,"BrayCurtis",1.51816579868992
"High",0.8,100,15,1.67526252424914,0.0199004975124378,TRUE,0.6,0.3,0.15,0.3,0.3,0.3,38.3,0.747692307692308,1.34915810650521,0.002,TRUE,1.74967847441665,0.001,TRUE,0.949418290712669,0.587,FALSE,1.34342044321389,0.146,FALSE,0.929261070300579,0.618,FALSE,"BrayCurtis",1.74967847441665
"High",0.8,100,16,1.36366747469261,0.283582089552239,FALSE,0.4,0.4,0.25,0.2,0.4,0.5,30.2222222222222,0.80746395250212,1.08559683066975,0.203,FALSE,1.19860551977932,0.056,FALSE,1.01150432510764,0.426,FALSE,1.3579171008822,0.13,FALSE,0.921321212757525,0.62,FALSE,"WeightedUniFrac",1.3579171008822
"High",0.8,100,17,1.48894556361425,0.0746268656716418,FALSE,0.8,0.6,0.35,0.4,0.6,0.7,28.2,0.825384615384615,1.16590955046006,0.076,FALSE,1.38869199348049,0.009,TRUE,1.04079712331836,0.412,FALSE,1.42454511916367,0.132,FALSE,1.05405156428099,0.376,FALSE,"WeightedUniFrac",1.42454511916367
"High",0.8,100,42,1.70583479272498,0.00497512437810945,TRUE,0.6,0.6,0.4,0.3,0.6,0.8,12.6,0.945384615384615,1.35619950663438,0.001,TRUE,1.54867954308083,0.001,TRUE,1.11714137238481,0.261,FALSE,1.98375049504778,0.01,TRUE,1.05980624807711,0.406,FALSE,"WeightedUniFrac",1.98375049504778
"High",0.8,100,19,1.3470774004034,0.308457711442786,FALSE,0,0.2,0.25,0,0.2,0.5,47.1,0.68,1.01989949378499,0.381,FALSE,1.43001595836692,0.001,TRUE,0.799815830081861,0.881,FALSE,1.48424881776978,0.069,FALSE,0.808526958491725,0.834,FALSE,"WeightedUniFrac",1.48424881776978
"None",0,100,5,1.63952451920263,0.00497512437810945,TRUE,0.6,0.4,0.3,0.3,0.4,0.6,34.5,0.776923076923077,1.2688498048005,0.004,TRUE,1.52843969881124,0.001,TRUE,1.08624576365013,0.296,FALSE,1.47744419127785,0.036,TRUE,1.2313774791282,0.108,FALSE,"BrayCurtis",1.52843969881124
"High",0.8,100,20,1.37387140140504,0.243781094527363,FALSE,0.2,0.3,0.25,0.1,0.3,0.5,30.6,0.806923076923077,1.07847621248102,0.23,FALSE,1.36008131684005,0.005,TRUE,1.07229873804536,0.328,FALSE,1.07830812754215,0.332,FALSE,0.805502181405045,0.79,FALSE,"BrayCurtis",1.36008131684005
"High",0.8,100,21,1.38615521528496,0.26865671641791,FALSE,0.6,0.3,0.2,0.3,0.3,0.4,44.4,0.700769230769231,1.09214022418509,0.195,FALSE,1.34104947987478,0.004,TRUE,0.989482147632276,0.523,FALSE,1.33512261072393,0.117,FALSE,1.05099604740489,0.374,FALSE,"BrayCurtis",1.34104947987478
"High",0.8,100,43,1.5249791845934,0.0597014925373134,FALSE,0.6,0.5,0.4,0.3,0.5,0.8,13.5,0.938461538461538,1.29605394395166,0.004,TRUE,1.44411800685559,0.002,TRUE,1.23881782166936,0.09,FALSE,1.74781519335289,0.038,TRUE,1.15151371426102,0.232,FALSE,"WeightedUniFrac",1.74781519335289
"High",0.8,100,23,1.5122824116111,0.0348258706467662,TRUE,0.6,0.6,0.35,0.3,0.6,0.7,21.9,0.873846153846154,1.29934750808437,0.003,TRUE,1.55313797941683,0.001,TRUE,1.08074353274208,0.324,FALSE,0.982604060013049,0.461,FALSE,1.12184254243206,0.294,FALSE,"BrayCurtis",1.55313797941683
"High",0.8,100,24,1.35315000732032,0.283582089552239,FALSE,0.6,0.4,0.2,0.3,0.4,0.4,30.1,0.810769230769231,1.01188761936641,0.435,FALSE,1.3695688276261,0.006,TRUE,0.788265474989264,0.889,FALSE,1.47535837829269,0.067,FALSE,0.633701824782697,0.958,FALSE,"WeightedUniFrac",1.47535837829269
"High",0.8,100,25,1.47584186547695,0.0945273631840796,FALSE,0.4,0.2,0.15,0.2,0.2,0.3,42,0.717557251908397,1.16255361120388,0.061,FALSE,1.38718462064403,0.002,TRUE,0.94070993307119,0.623,FALSE,0.968401402661538,0.478,FALSE,0.843722576696565,0.769,FALSE,"BrayCurtis",1.38718462064403
"High",0.8,100,44,1.28104090835077,0.557213930348259,FALSE,0.6,0.4,0.3,0.3,0.4,0.6,20.3,0.886153846153846,1.00767165320953,0.432,FALSE,1.32851583287787,0.007,TRUE,0.977792361181174,0.552,FALSE,2.08437028171195,0.009,TRUE,0.890458765660278,0.695,FALSE,"WeightedUniFrac",2.08437028171195
"High",0.8,100,27,1.37382699161937,0.293532338308458,FALSE,0.4,0.3,0.2,0.2,0.3,0.4,21.7777777777778,0.871925360474979,1.13491764928985,0.107,FALSE,1.85429000463062,0.001,TRUE,0.982005899074326,0.522,FALSE,1.15069933808499,0.249,FALSE,1.05439313367067,0.376,FALSE,"BrayCurtis",1.85429000463062
"High",0.8,100,28,1.3799977291417,0.278606965174129,FALSE,1,0.5,0.4,0.5,0.5,0.8,16.6,0.914615384615385,1.13095667615433,0.106,FALSE,1.43970536658846,0.001,TRUE,1.07314674583972,0.362,FALSE,1.07590954265446,0.316,FALSE,0.94887397888611,0.582,FALSE,"BrayCurtis",1.43970536658846
"High",0.8,100,29,1.51142246780687,0.0597014925373134,FALSE,0.2,0.1,0.05,0.1,0.1,0.1,59,0.588461538461538,1.17346584047757,0.055,FALSE,1.27452762337979,0.018,TRUE,1.17208121285582,0.168,FALSE,1.17188470303453,0.258,FALSE,0.992718734781973,0.507,FALSE,"BrayCurtis",1.27452762337979
"None",0,100,18,1.50403456112828,0.0696517412935323,FALSE,0.4,0.3,0.25,0.2,0.3,0.5,19.7,0.890769230769231,1.17225078536082,0.043,TRUE,1.77725922283991,0.001,TRUE,0.933403376642612,0.632,FALSE,1.44257873365861,0.066,FALSE,1.07670060159348,0.365,FALSE,"BrayCurtis",1.77725922283991
"High",0.8,100,45,1.29909735543947,0.417910447761194,FALSE,0.2,0.1,0.05,0.1,0.1,0.1,61.8,0.566923076923077,1.02854941324524,0.398,FALSE,1.27414067645014,0.015,TRUE,1.28534272641598,0.065,FALSE,1.13728437830417,0.261,FALSE,1.39357400753248,0.04,TRUE,"UnweightedUniFrac",1.39357400753248
"High",0.8,100,31,1.6734184732642,0.00497512437810945,TRUE,0.8,0.5,0.3,0.4,0.5,0.6,22.8888888888889,0.863443596268024,1.36464279919848,0.003,TRUE,1.62559908938572,0.001,TRUE,1.13332521358881,0.264,FALSE,1.79031730877786,0.023,TRUE,0.814771085689823,0.807,FALSE,"WeightedUniFrac",1.79031730877786
"High",0.8,100,32,1.302724969958,0.417910447761194,FALSE,0.2,0.2,0.25,0.1,0.2,0.5,40.2,0.733076923076923,1.02647012573632,0.374,FALSE,1.31522545461441,0.007,TRUE,0.788728518551327,0.884,FALSE,1.26474404895084,0.181,FALSE,0.742332045914643,0.895,FALSE,"BrayCurtis",1.31522545461441
"High",0.8,100,33,1.47072957134201,0.0945273631840796,FALSE,0.4,0.2,0.15,0.2,0.2,0.3,52.25,0.638257575757576,1.16210638896662,0.074,FALSE,1.40630897947002,0.002,TRUE,1.05520829872303,0.401,FALSE,1.85984235880031,0.027,TRUE,1.00748642727356,0.466,FALSE,"WeightedUniFrac",1.85984235880031
"High",0.8,100,46,1.71361144823173,0.00497512437810945,TRUE,0.4,0.2,0.15,0.2,0.2,0.3,41.8888888888889,0.718405428329092,1.31239901575203,0.007,TRUE,1.70663101144995,0.001,TRUE,1.06245459898836,0.378,FALSE,1.48051079548858,0.079,FALSE,1.06545340221771,0.352,FALSE,"BrayCurtis",1.70663101144995
"High",0.8,100,35,1.48114128674677,0.0796019900497512,FALSE,0.2,0.2,0.15,0.1,0.2,0.3,37.1428571428571,0.750805585392052,1.17367552828303,0.048,TRUE,1.34149795068452,0.01,TRUE,1.14052268980811,0.207,FALSE,1.20746708463456,0.225,FALSE,1.02671831851924,0.418,FALSE,"BrayCurtis",1.34149795068452
"High",0.8,100,36,1.60605725585488,0.0248756218905473,TRUE,0.4,0.3,0.2,0.2,0.3,0.4,46.2,0.686923076923077,1.3228749696722,0.002,TRUE,1.61808349562599,0.001,TRUE,1.15074082177491,0.204,FALSE,1.3461497161082,0.106,FALSE,1.09413274573658,0.304,FALSE,"BrayCurtis",1.61808349562599
"High",0.8,100,37,1.76195534550306,0.00497512437810945,TRUE,0.4,0.5,0.4,0.2,0.5,0.8,25.9,0.843076923076923,1.39538446944206,0.001,TRUE,1.64440768040286,0.001,TRUE,1.3252829406574,0.044,TRUE,1.48270207193397,0.082,FALSE,1.39308225934506,0.041,TRUE,"BrayCurtis",1.64440768040286
"High",0.8,100,47,1.71404433750422,0.00995024875621891,TRUE,0.4,0.3,0.2,0.2,0.3,0.4,42.8888888888889,0.710771840542833,1.34026140691856,0.003,TRUE,1.62555263843166,0.001,TRUE,1.27664892074098,0.062,FALSE,1.75967345377529,0.024,TRUE,1.46319093755753,0.034,TRUE,"WeightedUniFrac",1.75967345377529
"High",0.8,100,39,1.55461175971413,0.0348258706467662,TRUE,0.2,0.2,0.2,0.1,0.2,0.4,40.4444444444444,0.729431721798134,1.24887244895025,0.012,TRUE,1.4789407358905,0.002,TRUE,1.02028218089036,0.453,FALSE,1.36810358405183,0.122,FALSE,1.25955900668182,0.108,FALSE,"BrayCurtis",1.4789407358905
"None",0,100,19,1.51373149467817,0.0199004975124378,TRUE,0.6,0.4,0.3,0.3,0.4,0.6,22.1,0.872307692307692,1.1963764609652,0.028,TRUE,1.4236177025462,0.002,TRUE,1.06812193352131,0.318,FALSE,2.10699819895806,0.002,TRUE,0.879504649182109,0.708,FALSE,"WeightedUniFrac",2.10699819895806
"High",0.8,100,40,1.38240220567927,0.258706467661692,FALSE,0.6,0.4,0.3,0.3,0.4,0.6,26.7,0.836923076923077,1.08713952054295,0.194,FALSE,1.50297821128772,0.001,TRUE,1.02953000689157,0.417,FALSE,1.42760190458812,0.085,FALSE,0.756018413571105,0.881,FALSE,"BrayCurtis",1.50297821128772
"High",0.8,100,41,1.46087820883575,0.114427860696517,FALSE,0.8,0.4,0.2,0.4,0.4,0.4,55.4,0.616153846153846,1.15677709568319,0.076,FALSE,1.49048897729065,0.001,TRUE,0.764547416609554,0.907,FALSE,1.78724180469705,0.033,TRUE,0.70295772641198,0.943,FALSE,"WeightedUniFrac",1.78724180469705
"High",0.8,100,48,1.65072371184057,0.00497512437810945,TRUE,0.6,0.4,0.2,0.3,0.4,0.4,50.4,0.654615384615385,1.31118630988462,0.001,TRUE,1.40674643532528,0.004,TRUE,1.43827389235263,0.013,TRUE,1.52064056638007,0.061,FALSE,1.34205840262194,0.065,FALSE,"WeightedUniFrac",1.52064056638007
"High",0.8,100,43,1.66122091845229,0.00497512437810945,TRUE,0.8,0.5,0.3,0.4,0.5,0.6,28.3333333333333,0.821882951653944,1.38023841043357,0.001,TRUE,1.68272604228104,0.001,TRUE,1.04142191742841,0.374,FALSE,1.48414246935593,0.084,FALSE,0.968352728692734,0.532,FALSE,"BrayCurtis",1.68272604228104
"High",0.8,100,44,1.45092588505013,0.109452736318408,FALSE,0.4,0.4,0.25,0.2,0.4,0.5,33,0.786259541984733,1.13746220691681,0.106,FALSE,1.46798778628513,0.001,TRUE,1.04595466882687,0.408,FALSE,1.26454744027616,0.197,FALSE,1.10416920732132,0.286,FALSE,"BrayCurtis",1.46798778628513
"High",0.8,100,45,1.40888848457942,0.164179104477612,FALSE,0.8,0.5,0.25,0.4,0.5,0.5,24.625,0.847537878787879,1.09775391395895,0.168,FALSE,1.47645544478318,0.002,TRUE,0.958078183986684,0.583,FALSE,1.36977703039621,0.119,FALSE,1.16940444256824,0.202,FALSE,"BrayCurtis",1.47645544478318
"High",0.8,100,49,1.59840564508744,0.0199004975124378,TRUE,0.8,0.4,0.3,0.4,0.4,0.6,37.7,0.752307692307692,1.33107636551192,0.003,TRUE,1.46052500563681,0.001,TRUE,1.17766895343422,0.158,FALSE,1.41231995316606,0.082,FALSE,1.15548902389361,0.235,FALSE,"BrayCurtis",1.46052500563681
"High",0.8,100,47,1.18181838677662,0.761194029850746,FALSE,0.2,0.2,0.2,0.1,0.2,0.4,54.1,0.626153846153846,0.914341855643774,0.776,FALSE,1.11052543488729,0.185,FALSE,0.724180872021369,0.934,FALSE,0.988624411248322,0.437,FALSE,0.772751778782909,0.856,FALSE,"BrayCurtis",1.11052543488729
"High",0.8,100,48,1.50968985619846,0.0597014925373134,FALSE,0.4,0.2,0.1,0.2,0.2,0.2,72.5555555555556,0.484308736217133,1.23294974906171,0.019,TRUE,1.60552531471122,0.001,TRUE,1.36264254141605,0.028,TRUE,1.45286840257654,0.083,FALSE,1.32921949087261,0.064,FALSE,"BrayCurtis",1.60552531471122
"High",0.8,100,49,1.65878717231073,0.00497512437810945,TRUE,0.6,0.4,0.25,0.3,0.4,0.5,29.75,0.808712121212121,1.30111268735156,0.007,TRUE,1.65267346205333,0.001,TRUE,1.16796937616405,0.17,FALSE,1.38621672422392,0.098,FALSE,1.18700293066725,0.184,FALSE,"BrayCurtis",1.65267346205333
"None",0,100,2,1.20441002068755,0.751243781094527,FALSE,0.4,0.2,0.15,0.2,0.2,0.3,40,0.729323308270677,0.922959801384994,0.785,FALSE,1.21544512968987,0.037,TRUE,1.01838937494299,0.456,FALSE,1.27517323594511,0.112,FALSE,0.973553386498391,0.543,FALSE,"WeightedUniFrac",1.27517323594511
"None",0,100,20,1.38522782851082,0.253731343283582,FALSE,0.6,0.4,0.25,0.3,0.4,0.5,24.8,0.851538461538462,1.12622444028439,0.111,FALSE,1.73225176592818,0.001,TRUE,0.735890612063667,0.935,FALSE,1.57920059950908,0.025,TRUE,0.76457990545361,0.879,FALSE,"BrayCurtis",1.73225176592818
"High",0.8,100,50,1.36000574799292,0.333333333333333,FALSE,0.8,0.4,0.2,0.4,0.4,0.4,35,0.770992366412214,1.12478548242695,0.109,FALSE,1.43458641025989,0.002,TRUE,0.810605390235046,0.859,FALSE,0.926115836314022,0.548,FALSE,0.745547337876224,0.907,FALSE,"BrayCurtis",1.43458641025989
"None",0,100,6,1.36246403462204,0.248756218905473,FALSE,0.8,0.6,0.3,0.4,0.6,0.6,21.625,0.870265151515151,1.13902906843163,0.091,FALSE,1.78520706790278,0.001,TRUE,0.925512781641118,0.635,FALSE,1.8253402048639,0.002,TRUE,0.916198152106863,0.646,FALSE,"WeightedUniFrac",1.8253402048639
"None",0,100,22,1.54219987848692,0.0248756218905473,TRUE,0.4,0.4,0.25,0.2,0.4,0.5,31.3333333333333,0.798982188295165,1.27317930856381,0.01,TRUE,1.74243792138374,0.001,TRUE,1.42888555990244,0.018,TRUE,1.21508786929808,0.162,FALSE,1.27854224699905,0.109,FALSE,"BrayCurtis",1.74243792138374
"None",0,100,23,1.69172742818235,0.00497512437810945,TRUE,0.4,0.3,0.3,0.2,0.3,0.6,29.3,0.816923076923077,1.35858771838433,0.002,TRUE,1.73235554479408,0.001,TRUE,1.29230371014997,0.052,FALSE,1.87837382057269,0.007,TRUE,1.18225419047423,0.177,FALSE,"WeightedUniFrac",1.87837382057269
"None",0,100,24,1.62631560749058,0.00995024875621891,TRUE,0.2,0.4,0.35,0.1,0.4,0.7,25.5,0.846153846153846,1.28806005351632,0.003,TRUE,1.83383415534752,0.001,TRUE,1.19694864741748,0.137,FALSE,2.54832402473807,0.001,TRUE,1.27561003900152,0.112,FALSE,"WeightedUniFrac",2.54832402473807
"None",0,100,7,1.48271497487842,0.0597014925373134,FALSE,0.6,0.5,0.3,0.3,0.5,0.6,23.4,0.862307692307692,1.17652951115598,0.041,TRUE,1.66942303606132,0.001,TRUE,0.832210444950138,0.808,FALSE,1.92229755556035,0.004,TRUE,0.855154412736125,0.753,FALSE,"WeightedUniFrac",1.92229755556035
"None",0,100,26,1.4732699205116,0.0746268656716418,FALSE,0.2,0.4,0.25,0.1,0.4,0.5,27.375,0.826704545454545,1.18254721794578,0.042,TRUE,1.62182748111078,0.001,TRUE,0.994459532821529,0.481,FALSE,1.325936864648,0.096,FALSE,0.948842854460688,0.581,FALSE,"BrayCurtis",1.62182748111078
"None",0,100,27,1.45850082342499,0.0995024875621891,FALSE,0.8,0.5,0.3,0.4,0.5,0.6,23.1111111111111,0.861747243426633,1.14630809070471,0.093,FALSE,1.41630819548197,0.001,TRUE,1.1800165909747,0.141,FALSE,1.36859002514305,0.06,FALSE,1.04436745059806,0.41,FALSE,"BrayCurtis",1.41630819548197
"None",0,100,10,1.57134806164244,0.0149253731343284,TRUE,0.6,0.3,0.2,0.3,0.3,0.4,27.9,0.820769230769231,1.31356133316503,0.003,TRUE,1.73841056698706,0.001,TRUE,1.06935794359514,0.36,FALSE,1.6106707750614,0.01,TRUE,1.11535472689654,0.277,FALSE,"BrayCurtis",1.73841056698706
"None",0,100,29,1.56241693492942,0.0298507462686567,TRUE,0.8,0.4,0.25,0.4,0.4,0.5,26.7,0.836923076923077,1.27708368931673,0.009,TRUE,1.72825359236237,0.001,TRUE,0.945703757516682,0.596,FALSE,1.85582678069342,0.001,TRUE,1.06939988755195,0.354,FALSE,"WeightedUniFrac",1.85582678069342
"None",0,100,3,1.74939428602444,0.00497512437810945,TRUE,0.8,0.5,0.3,0.4,0.5,0.6,11.375,0.947916666666667,1.39590316203781,0.001,TRUE,1.93578228019423,0.001,TRUE,1.09930644255786,0.283,FALSE,2.6478637368405,0.001,TRUE,1.35741152533835,0.06,FALSE,"WeightedUniFrac",2.6478637368405
"None",0,100,30,1.20337558827438,0.741293532338308,FALSE,0.4,0.4,0.25,0.2,0.4,0.5,29.4,0.816153846153846,0.930614572367036,0.781,FALSE,1.32771194199726,0.004,TRUE,0.915741903809737,0.694,FALSE,1.28526625363506,0.117,FALSE,0.950299975514516,0.551,FALSE,"BrayCurtis",1.32771194199726
"None",0,100,11,1.45576246096041,0.0845771144278607,FALSE,0.8,0.4,0.2,0.4,0.4,0.4,37.4,0.747692307692308,1.20712319921498,0.019,TRUE,1.71882429528376,0.001,TRUE,0.897409833823482,0.694,FALSE,1.4242851905261,0.055,FALSE,0.858859335939791,0.759,FALSE,"BrayCurtis",1.71882429528376
"None",0,100,32,1.47417592329445,0.0845771144278607,FALSE,0.4,0.4,0.25,0.2,0.4,0.5,46.7777777777778,0.68108566581849,1.13596961734623,0.082,FALSE,1.56911821690378,0.001,TRUE,0.836488768784375,0.829,FALSE,1.55688562116879,0.04,TRUE,0.777414787991554,0.855,FALSE,"BrayCurtis",1.56911821690378
"None",0,100,33,1.55014738133136,0.0348258706467662,TRUE,0.6,0.5,0.35,0.3,0.5,0.7,29.7,0.813846153846154,1.19817766926931,0.023,TRUE,1.54961372665409,0.001,TRUE,1.00801017958919,0.477,FALSE,1.9900593772113,0.002,TRUE,1.29399983537388,0.091,FALSE,"WeightedUniFrac",1.9900593772113
"None",0,100,12,1.78283817757536,0.00497512437810945,TRUE,0.2,0.2,0.25,0.1,0.2,0.5,26.4,0.831538461538462,1.38193971546713,0.002,TRUE,1.69854329650125,0.001,TRUE,1.05938189035528,0.323,FALSE,1.45223677687213,0.025,TRUE,1.08285736651851,0.314,FALSE,"BrayCurtis",1.69854329650125
"None",0,100,35,1.8974298651886,0.00497512437810945,TRUE,0.4,0.3,0.2,0.2,0.3,0.4,29.1111111111111,0.815945716709075,1.53204744453491,0.001,TRUE,1.90106388563977,0.001,TRUE,1.51666440252152,0.008,TRUE,1.65083831524742,0.007,TRUE,1.36377769551639,0.041,TRUE,"BrayCurtis",1.90106388563977
"None",0,100,36,1.35685968733209,0.313432835820896,FALSE,0.6,0.4,0.3,0.3,0.4,0.6,25.7,0.844615384615385,1.02557278676115,0.36,FALSE,1.47791109740737,0.001,TRUE,0.899841341902087,0.71,FALSE,1.50378594616484,0.048,TRUE,1.05463785184932,0.389,FALSE,"WeightedUniFrac",1.50378594616484
"None",0,100,13,1.4181502350917,0.174129353233831,FALSE,0.4,0.3,0.25,0.2,0.3,0.5,29.6666666666667,0.804071246819338,1.1628881194431,0.068,FALSE,1.47482252700013,0.002,TRUE,1.04637852730299,0.363,FALSE,1.27664736778423,0.112,FALSE,1.18767789538744,0.202,FALSE,"BrayCurtis",1.47482252700013
"None",0,100,38,1.53697987734142,0.0348258706467662,TRUE,0.8,0.7,0.5,0.4,0.7,1,7.6,0.983846153846154,1.33375624119755,0.001,TRUE,1.65863846459313,0.001,TRUE,0.85827439813267,0.787,FALSE,2.28710147162358,0.001,TRUE,0.70447848992841,0.913,FALSE,"WeightedUniFrac",2.28710147162358
"None",0,100,39,1.74539571161111,0.00497512437810945,TRUE,0.2,0.2,0.2,0.1,0.2,0.4,34.4444444444444,0.775233248515691,1.35839934717027,0.003,TRUE,1.76944220906972,0.001,TRUE,1.31080668496781,0.046,TRUE,1.62014764618799,0.009,TRUE,1.34673106099577,0.049,TRUE,"BrayCurtis",1.76944220906972
"None",0,100,4,1.4720176212636,0.0895522388059701,FALSE,0.4,0.3,0.2,0.2,0.3,0.4,31.8,0.797692307692308,1.13026423132345,0.088,FALSE,1.45504240919769,0.001,TRUE,0.923608083238347,0.664,FALSE,1.29840812700155,0.1,FALSE,1.03131609382582,0.411,FALSE,"BrayCurtis",1.45504240919769
"None",0,100,14,1.54596053369877,0.0398009950248756,TRUE,1,0.7,0.45,0.5,0.7,0.9,7.22222222222222,0.976251060220526,1.29302496943844,0.002,TRUE,1.83441896224309,0.001,TRUE,0.86125265195475,0.77,FALSE,2.18889782265941,0.004,TRUE,0.90404280427888,0.665,FALSE,"WeightedUniFrac",2.18889782265941
"None",0,100,41,1.51724173737264,0.0497512437810945,TRUE,0.4,0.4,0.25,0.2,0.4,0.5,38.7777777777778,0.742154368108567,1.24614109700611,0.016,TRUE,1.62209554030472,0.001,TRUE,1.17317507192257,0.144,FALSE,1.41899798763268,0.043,TRUE,1.19597211182277,0.188,FALSE,"BrayCurtis",1.62209554030472
"None",0,100,42,1.39989316496391,0.199004975124378,FALSE,0.6,0.3,0.3,0.3,0.3,0.6,27.8,0.828461538461538,1.16823900407334,0.055,FALSE,1.48578033195304,0.001,TRUE,0.94103526995309,0.631,FALSE,1.66220008725079,0.008,TRUE,1.06162075672111,0.374,FALSE,"WeightedUniFrac",1.66220008725079
"None",0,100,15,1.35937544069223,0.293532338308458,FALSE,0.6,0.3,0.2,0.3,0.3,0.4,41.8,0.713846153846154,1.16514415735681,0.053,FALSE,1.55436961109635,0.001,TRUE,1.11667922771599,0.244,FALSE,1.90517179640959,0.002,TRUE,1.08956103482157,0.317,FALSE,"WeightedUniFrac",1.90517179640959
"None",0,100,44,1.33217073707526,0.358208955223881,FALSE,0.4,0.4,0.2,0.2,0.4,0.4,45.9,0.689230769230769,1.05997037432243,0.263,FALSE,1.36353662804574,0.004,TRUE,0.948505650333868,0.627,FALSE,1.15939892983109,0.187,FALSE,0.869367641203205,0.733,FALSE,"BrayCurtis",1.36353662804574
"None",0,100,45,1.51338645777885,0.0646766169154229,FALSE,0.6,0.4,0.35,0.3,0.4,0.7,21.5,0.876923076923077,1.19568839630895,0.039,TRUE,1.75442980372026,0.001,TRUE,0.682568621025802,0.973,FALSE,2.60702222983405,0.001,TRUE,0.874900491513015,0.714,FALSE,"WeightedUniFrac",2.60702222983405
"None",0,100,16,1.42588129749665,0.134328358208955,FALSE,0.6,0.4,0.25,0.3,0.4,0.5,35.6,0.760769230769231,1.206555839873,0.025,TRUE,1.75067059742047,0.001,TRUE,0.832672442808452,0.818,FALSE,2.20754626418338,0.002,TRUE,0.896636146987218,0.663,FALSE,"WeightedUniFrac",2.20754626418338
"None",0,100,47,1.28669090834834,0.467661691542289,FALSE,0.6,0.5,0.3,0.3,0.5,0.6,21.875,0.868371212121212,1.01822271093358,0.42,FALSE,1.38541165079684,0.005,TRUE,1.09281531968976,0.286,FALSE,1.74078185402009,0.006,TRUE,1.16892722706267,0.195,FALSE,"WeightedUniFrac",1.74078185402009
"None",0,100,48,1.31836611784097,0.437810945273632,FALSE,0,0,0.15,0,0,0.3,56.5555555555556,0.606446140797286,1.00541877543266,0.439,FALSE,1.55504976186058,0.001,TRUE,0.716506258248407,0.964,FALSE,1.66487825071665,0.028,TRUE,0.702398014415151,0.925,FALSE,"WeightedUniFrac",1.66487825071665
"None",0,100,17,1.63690289643161,0.00497512437810945,TRUE,0.4,0.4,0.25,0.2,0.4,0.5,29.75,0.801136363636364,1.38407585101056,0.002,TRUE,1.58602244796188,0.001,TRUE,1.19067819182779,0.156,FALSE,2.26886991815617,0.002,TRUE,1.29000807328151,0.099,FALSE,"WeightedUniFrac",2.26886991815617
"None",0,100,2,1.48047972079403,0.0597014925373134,FALSE,0.6,0.4,0.3,0.3,0.4,0.6,35,0.773076923076923,1.21061419058472,0.021,TRUE,1.56824860017097,0.001,TRUE,0.88171739472631,0.746,FALSE,1.03970125491965,0.367,FALSE,0.876853396998549,0.728,FALSE,"BrayCurtis",1.56824860017097
"None",0,100,50,1.53937913262856,0.00497512437810945,TRUE,0.8,0.4,0.25,0.4,0.4,0.5,28,0.824427480916031,1.28801109819575,0.006,TRUE,1.77902923436391,0.001,TRUE,1.07155259167125,0.368,FALSE,1.54854064458756,0.024,TRUE,1.08429077377839,0.344,FALSE,"BrayCurtis",1.77902923436391
"Low",0.3,100,1,1.40049031007742,0.223880597014925,FALSE,0.2,0.2,0.25,0.1,0.2,0.5,31.6,0.799230769230769,1.11020572450283,0.15,FALSE,1.46802949346035,0.002,TRUE,0.695360621647579,0.972,FALSE,2.42853374243097,0.003,TRUE,0.790256730808363,0.837,FALSE,"WeightedUniFrac",2.42853374243097
"Low",0.3,100,2,1.48489762917318,0.0796019900497512,FALSE,0.6,0.5,0.3,0.3,0.5,0.6,25.5,0.840909090909091,1.20964361583967,0.027,TRUE,1.76858581495942,0.001,TRUE,0.963101186272462,0.571,FALSE,1.8552452240136,0.008,TRUE,1.00647740794925,0.46,FALSE,"WeightedUniFrac",1.8552452240136
"Low",0.3,100,3,1.41684710534722,0.134328358208955,FALSE,0.2,0.2,0.15,0.1,0.2,0.3,43.4444444444444,0.706530958439355,1.15130211394457,0.068,FALSE,1.40474159980691,0.001,TRUE,0.96050672634673,0.571,FALSE,1.26578658981264,0.156,FALSE,0.863621251013787,0.739,FALSE,"BrayCurtis",1.40474159980691
"Low",0.3,100,14,1.4859843172576,0.0995024875621891,FALSE,0.6,0.4,0.25,0.3,0.4,0.5,25.8888888888889,0.840542832909245,1.19336889792057,0.047,TRUE,1.3073700951541,0.012,TRUE,1.25835407807021,0.089,FALSE,0.933034397685758,0.556,FALSE,1.17930291258451,0.223,FALSE,"BrayCurtis",1.3073700951541
"Low",0.3,100,5,1.44000249659107,0.134328358208955,FALSE,0.6,0.5,0.35,0.3,0.5,0.7,22.1111111111111,0.869380831212892,1.18474842879574,0.044,TRUE,1.42316885224775,0.002,TRUE,0.80360021884266,0.855,FALSE,1.45494914654861,0.053,FALSE,0.731718301226946,0.907,FALSE,"WeightedUniFrac",1.45494914654861
"Low",0.3,100,6,1.65885731008541,0.00995024875621891,TRUE,0.4,0.3,0.2,0.2,0.3,0.4,33.6,0.783846153846154,1.29241519642754,0.005,TRUE,1.50708722938258,0.001,TRUE,1.22972190230126,0.113,FALSE,1.32728244470348,0.108,FALSE,1.09952309725611,0.282,FALSE,"BrayCurtis",1.50708722938258
"Low",0.3,100,7,1.43491713186554,0.119402985074627,FALSE,0.6,0.3,0.15,0.3,0.3,0.3,40.1,0.733846153846154,1.13148264457369,0.097,FALSE,1.47286100810279,0.001,TRUE,0.908577229267376,0.698,FALSE,1.12427120599741,0.251,FALSE,0.989632448080391,0.492,FALSE,"BrayCurtis",1.47286100810279
"Low",0.3,100,15,1.44516788225469,0.0746268656716418,FALSE,0.4,0.3,0.25,0.2,0.3,0.5,40,0.734615384615385,1.15718458938601,0.081,FALSE,1.49348757987198,0.001,TRUE,0.903708691458359,0.725,FALSE,1.83977391536791,0.015,TRUE,0.841034909030635,0.791,FALSE,"WeightedUniFrac",1.83977391536791
"Low",0.3,100,9,1.50549663611995,0.0398009950248756,TRUE,0.6,0.5,0.35,0.3,0.5,0.7,19.3,0.893846153846154,1.22440579063223,0.017,TRUE,1.46626782406718,0.001,TRUE,1.04764700682177,0.36,FALSE,1.39098010585994,0.093,FALSE,1.08289727544704,0.345,FALSE,"BrayCurtis",1.46626782406718
"None",0,100,6,1.60964264281359,0.00995024875621891,TRUE,0.6,0.6,0.3,0.3,0.6,0.6,26.4,0.839230769230769,1.32715693061603,0.002,TRUE,1.78852263091972,0.001,TRUE,1.27954343865222,0.073,FALSE,1.81229795523884,0.01,TRUE,1.244174235785,0.109,FALSE,"WeightedUniFrac",1.81229795523884
"Low",0.3,100,10,1.56354188361881,0.0298507462686567,TRUE,0.6,0.3,0.3,0.3,0.3,0.6,24.8888888888889,0.848176420695505,1.3072257215945,0.005,TRUE,1.50410617022988,0.001,TRUE,0.966164119929626,0.532,FALSE,1.80196404612022,0.011,TRUE,0.991651672610466,0.488,FALSE,"WeightedUniFrac",1.80196404612022
"Low",0.3,100,11,1.50421425679696,0.0497512437810945,TRUE,0.4,0.3,0.3,0.2,0.3,0.6,19.625,0.885416666666667,1.23536128016014,0.017,TRUE,1.50712290429868,0.001,TRUE,0.852172263781317,0.792,FALSE,1.28846735604448,0.11,FALSE,0.761079934467793,0.857,FALSE,"BrayCurtis",1.50712290429868
"Low",0.3,100,16,1.58628247021165,0.0298507462686567,TRUE,0.8,0.6,0.3,0.4,0.6,0.6,25,0.847328244274809,1.26933297859309,0.009,TRUE,1.54022322842206,0.001,TRUE,1.0947191906592,0.287,FALSE,1.64785474665976,0.013,TRUE,1.07019786466707,0.345,FALSE,"WeightedUniFrac",1.64785474665976
"Low",0.3,100,13,1.47058925678627,0.0696517412935323,FALSE,0.4,0.3,0.2,0.2,0.3,0.4,33.1428571428571,0.780880773361976,1.20040159886392,0.039,TRUE,1.45363318816424,0.001,TRUE,1.31682519218245,0.049,TRUE,2.01604343228482,0.001,TRUE,1.47544219121997,0.017,TRUE,"WeightedUniFrac",2.01604343228482
"Low",0.3,100,14,1.58898161862298,0.0248756218905473,TRUE,0.2,0.3,0.3,0.1,0.3,0.6,29.6666666666667,0.811704834605598,1.25317807619345,0.016,TRUE,1.373651117702,0.003,TRUE,0.948066054180566,0.63,FALSE,1.7219327070835,0.016,TRUE,0.885474449912717,0.702,FALSE,"WeightedUniFrac",1.7219327070835
"Low",0.3,100,15,1.40115044406707,0.159203980099502,FALSE,0.4,0.2,0.3,0.2,0.2,0.6,27,0.834615384615385,1.14786746994858,0.091,FALSE,1.42641094293544,0.001,TRUE,0.917860240090068,0.647,FALSE,1.21357691055292,0.195,FALSE,0.918929427920018,0.62,FALSE,"BrayCurtis",1.42641094293544
"Low",0.3,100,17,1.54034869807112,0.0398009950248756,TRUE,0.6,0.4,0.2,0.3,0.4,0.4,45.2222222222222,0.692960135708227,1.23444693952486,0.012,TRUE,1.66839635437009,0.001,TRUE,0.77513704652222,0.89,FALSE,1.49029685263446,0.055,FALSE,0.909144401458752,0.658,FALSE,"BrayCurtis",1.66839635437009
"Low",0.3,100,17,1.20911930232362,0.771144278606965,FALSE,0.6,0.4,0.2,0.3,0.4,0.4,38.5,0.742424242424242,0.958598596703545,0.638,FALSE,1.13462084605702,0.122,FALSE,1.11140237499008,0.276,FALSE,0.834206607433562,0.732,FALSE,0.972791390511205,0.523,FALSE,"BrayCurtis",1.13462084605702
"Low",0.3,100,18,1.53712654450372,0.0199004975124378,TRUE,0.8,0.5,0.3,0.4,0.5,0.6,28.2222222222222,0.82273112807464,1.27394163753755,0.008,TRUE,1.62465965250996,0.001,TRUE,0.867569541016737,0.762,FALSE,1.38567802994262,0.111,FALSE,0.851864650785208,0.753,FALSE,"BrayCurtis",1.62465965250996
"Low",0.3,100,19,1.4237594183221,0.104477611940299,FALSE,0.4,0.3,0.2,0.2,0.3,0.4,50.5555555555556,0.652247667514843,1.11110406344057,0.141,FALSE,1.19625340018287,0.052,FALSE,0.989122442853695,0.529,FALSE,1.40460340374863,0.066,FALSE,0.912560222232508,0.656,FALSE,"WeightedUniFrac",1.40460340374863
"None",0,100,7,1.67118312242267,0.00497512437810945,TRUE,0.4,0.3,0.25,0.2,0.3,0.5,24.1111111111111,0.854113655640373,1.32931256345197,0.002,TRUE,1.60965252725971,0.001,TRUE,1.03713781850843,0.382,FALSE,1.67068742013041,0.01,TRUE,1.10687519476858,0.301,FALSE,"WeightedUniFrac",1.67068742013041
"Low",0.3,100,18,1.55315556001293,0.0447761194029851,TRUE,0.6,0.5,0.3,0.3,0.5,0.6,24.7,0.852307692307692,1.32441288530934,0.002,TRUE,1.68523019385556,0.001,TRUE,0.937396197695663,0.652,FALSE,2.22255220119265,0.002,TRUE,1.02683933312215,0.419,FALSE,"WeightedUniFrac",2.22255220119265
"Low",0.3,100,21,1.54480892832418,0.0348258706467662,TRUE,0.8,0.5,0.3,0.4,0.5,0.6,37.8888888888889,0.748939779474131,1.23606228760797,0.023,TRUE,1.54591368324725,0.001,TRUE,1.04403020314213,0.376,FALSE,1.40963021550342,0.067,FALSE,0.917753625100196,0.628,FALSE,"BrayCurtis",1.54591368324725
"Low",0.3,100,22,1.57353207261647,0.0248756218905473,TRUE,0.6,0.6,0.35,0.3,0.6,0.7,12.5555555555556,0.942324003392706,1.23898999476838,0.006,TRUE,1.77102308832762,0.001,TRUE,1.18497596559042,0.174,FALSE,0.970626321180308,0.506,FALSE,1.60019296106162,0.006,TRUE,"BrayCurtis",1.77102308832762
"Low",0.3,100,23,1.73076007261431,0.00497512437810945,TRUE,0.6,0.3,0.15,0.3,0.3,0.3,28.8888888888889,0.817642069550466,1.39823814193727,0.001,TRUE,1.66315579082011,0.001,TRUE,1.23049034962916,0.096,FALSE,1.34909838041861,0.1,FALSE,1.20169482538903,0.177,FALSE,"BrayCurtis",1.66315579082011
"Low",0.3,100,19,1.49562943267901,0.0796019900497512,FALSE,0.6,0.4,0.25,0.3,0.4,0.5,34.6,0.776153846153846,1.21261249527286,0.03,TRUE,1.39639673490306,0.001,TRUE,1.06338412732945,0.367,FALSE,2.01108270213374,0.006,TRUE,1.04321883306819,0.43,FALSE,"WeightedUniFrac",2.01108270213374
"Low",0.3,100,25,1.08893428412498,0.955223880597015,FALSE,0.4,0.3,0.25,0.2,0.3,0.5,26.375,0.834280303030303,0.842213449598645,0.929,FALSE,1.19047041170705,0.047,TRUE,0.96329738307184,0.559,FALSE,0.907699128901859,0.618,FALSE,0.813580890790487,0.816,FALSE,"BrayCurtis",1.19047041170705
"Low",0.3,100,26,1.39878912782048,0.17910447761194,FALSE,0.4,0.2,0.1,0.2,0.2,0.2,34.1428571428571,0.773361976369495,1.11643252940308,0.126,FALSE,1.27328814962283,0.014,TRUE,0.854210188081092,0.794,FALSE,1.16239068639134,0.242,FALSE,0.894275272878405,0.701,FALSE,"BrayCurtis",1.27328814962283
"Low",0.3,100,27,1.4314048893028,0.174129353233831,FALSE,0.6,0.4,0.3,0.3,0.4,0.6,40.6,0.73,1.14249604596574,0.084,FALSE,1.5379412346562,0.001,TRUE,0.857915890283463,0.796,FALSE,1.79185728519266,0.008,TRUE,0.841954155731436,0.79,FALSE,"WeightedUniFrac",1.79185728519266
"Low",0.3,100,20,1.49163014327835,0.0895522388059701,FALSE,0.2,0.2,0.3,0.1,0.2,0.6,30.3,0.809230769230769,1.20907849367803,0.021,TRUE,1.60243512859193,0.001,TRUE,0.737222497108265,0.943,FALSE,1.66471755849201,0.024,TRUE,0.720407450336588,0.912,FALSE,"WeightedUniFrac",1.66471755849201
"Low",0.3,100,29,1.22335002381413,0.761194029850746,FALSE,0.6,0.3,0.2,0.3,0.3,0.4,46,0.685606060606061,0.98697694747421,0.537,FALSE,1.29393850307486,0.013,TRUE,0.670217657607266,0.97,FALSE,1.26008053752182,0.155,FALSE,0.479147933100174,0.999,FALSE,"BrayCurtis",1.29393850307486
"None",0,100,8,1.53124441574226,0.0398009950248756,TRUE,0.4,0.4,0.25,0.2,0.4,0.5,30.375,0.803977272727273,1.24244824617199,0.008,TRUE,1.45761247184858,0.001,TRUE,0.929496186626957,0.637,FALSE,1.19861838848562,0.168,FALSE,1.02614627417461,0.4,FALSE,"BrayCurtis",1.45761247184858
"Low",0.3,100,30,1.79278939295776,0.00497512437810945,TRUE,0.4,0.3,0.2,0.2,0.3,0.4,48.5555555555556,0.667514843087362,1.38207075622018,0.001,TRUE,1.75982156727304,0.001,TRUE,1.01519216644165,0.451,FALSE,1.48455254611393,0.052,FALSE,0.995756356858394,0.486,FALSE,"BrayCurtis",1.75982156727304
"Low",0.3,100,31,1.58844599056896,0.0199004975124378,TRUE,0.6,0.6,0.4,0.3,0.6,0.8,8.25,0.971590909090909,1.2903408469743,0.001,TRUE,1.83544067789238,0.001,TRUE,0.959658152240661,0.564,FALSE,1.61404390270928,0.037,TRUE,0.905261057107879,0.676,FALSE,"BrayCurtis",1.83544067789238
"Low",0.3,100,21,1.68055610218668,0.00497512437810945,TRUE,0.2,0.1,0.25,0.1,0.1,0.5,32.6,0.791538461538462,1.34492468865889,0.001,TRUE,1.53881369486123,0.001,TRUE,1.21519493119345,0.117,FALSE,1.75139177317903,0.008,TRUE,1.14570735416513,0.27,FALSE,"WeightedUniFrac",1.75139177317903
"Low",0.3,100,33,1.34995276330123,0.263681592039801,FALSE,0.4,0.3,0.15,0.2,0.3,0.3,39,0.738636363636364,1.07674645580014,0.209,FALSE,1.53532126529857,0.001,TRUE,0.863506855908028,0.751,FALSE,1.35453239470469,0.112,FALSE,0.993812708474358,0.487,FALSE,"BrayCurtis",1.53532126529857
"Low",0.3,100,34,1.54302870197579,0.0398009950248756,TRUE,0.6,0.5,0.3,0.3,0.5,0.6,34.5,0.776923076923077,1.28574218677919,0.003,TRUE,1.70805761136445,0.001,TRUE,1.11301962779801,0.246,FALSE,1.62578266670483,0.014,TRUE,1.13929626668114,0.252,FALSE,"BrayCurtis",1.70805761136445
"Low",0.3,100,35,1.49451069780923,0.0646766169154229,FALSE,0.4,0.2,0.15,0.2,0.2,0.3,38.3,0.747692307692308,1.17672211954709,0.042,TRUE,1.40575076780079,0.002,TRUE,0.855326317553208,0.768,FALSE,1.33584776787818,0.101,FALSE,0.877376870308734,0.705,FALSE,"BrayCurtis",1.40575076780079
"Low",0.3,100,22,1.42454321435489,0.139303482587065,FALSE,0.4,0.4,0.3,0.2,0.4,0.6,27.1,0.833846153846154,1.14286636183787,0.085,FALSE,1.6217722691081,0.001,TRUE,1.26389177071452,0.078,FALSE,1.70207103209718,0.026,TRUE,1.27960247017686,0.098,FALSE,"WeightedUniFrac",1.70207103209718
"Low",0.3,100,37,1.31308332844758,0.36318407960199,FALSE,0.4,0.3,0.3,0.2,0.3,0.6,22.9,0.866153846153846,1.02240284548395,0.397,FALSE,1.56487426144143,0.001,TRUE,0.741440690146119,0.93,FALSE,1.2879302465317,0.141,FALSE,0.768598679325233,0.867,FALSE,"BrayCurtis",1.56487426144143
"Low",0.3,100,38,1.54977767980074,0.0298507462686567,TRUE,0.2,0.3,0.2,0.1,0.3,0.4,42.9,0.712307692307692,1.26761591869601,0.008,TRUE,1.53341381262374,0.001,TRUE,0.993207544609585,0.483,FALSE,1.32496283025514,0.123,FALSE,0.956855561676744,0.57,FALSE,"BrayCurtis",1.53341381262374
"Low",0.3,100,39,1.41039179535816,0.203980099502488,FALSE,0.4,0.2,0.15,0.2,0.2,0.3,36.125,0.760416666666667,1.09806167893134,0.157,FALSE,1.356774905757,0.002,TRUE,0.9511411755643,0.606,FALSE,1.19547830125351,0.182,FALSE,1.08241307613528,0.329,FALSE,"BrayCurtis",1.356774905757
"None",0,100,3,1.46005146732401,0.0895522388059701,FALSE,0.6,0.3,0.3,0.3,0.3,0.6,18.9,0.896923076923077,1.15194673375329,0.08,FALSE,1.70949584313586,0.001,TRUE,0.920150729592023,0.659,FALSE,1.92115682001153,0.001,TRUE,1.12942980538818,0.239,FALSE,"WeightedUniFrac",1.92115682001153
"Low",0.3,100,23,1.64180584089765,0.0199004975124378,TRUE,0.4,0.4,0.2,0.2,0.4,0.4,45.4,0.693076923076923,1.31512771909098,0.004,TRUE,1.73170367950342,0.001,TRUE,0.907586646848351,0.699,FALSE,2.13575655989788,0.002,TRUE,0.8771438534916,0.705,FALSE,"WeightedUniFrac",2.13575655989788
"Low",0.3,100,41,1.36176756951962,0.333333333333333,FALSE,0.6,0.3,0.2,0.3,0.3,0.4,39.4,0.739230769230769,1.1098831535561,0.139,FALSE,1.51720881207239,0.001,TRUE,1.16446650058215,0.164,FALSE,1.17634357057445,0.217,FALSE,1.15691649552193,0.225,FALSE,"BrayCurtis",1.51720881207239
"Low",0.3,100,42,1.30507290415982,0.497512437810945,FALSE,0.4,0.2,0.2,0.2,0.2,0.4,29,0.819230769230769,1.05442093263945,0.304,FALSE,1.32785350068594,0.004,TRUE,0.757831114204987,0.927,FALSE,1.28501273777291,0.134,FALSE,0.742968248856035,0.887,FALSE,"BrayCurtis",1.32785350068594
"Low",0.3,100,43,1.32347060066605,0.422885572139304,FALSE,0.2,0.2,0.25,0.1,0.2,0.5,34.5555555555556,0.774385072094996,1.09465558576357,0.165,FALSE,1.31660074960555,0.002,TRUE,1.10694473260768,0.243,FALSE,0.995637798373152,0.427,FALSE,0.993709514419549,0.505,FALSE,"BrayCurtis",1.31660074960555
"Low",0.3,100,24,1.47400737742101,0.0995024875621891,FALSE,0.4,0.3,0.25,0.2,0.3,0.5,47.8888888888889,0.672603901611535,1.13939160871711,0.092,FALSE,1.23745443626815,0.02,TRUE,1.07229445458481,0.331,FALSE,1.46969677688729,0.06,FALSE,1.15084934933291,0.231,FALSE,"WeightedUniFrac",1.46969677688729
"Low",0.3,100,45,1.39236821691061,0.278606965174129,FALSE,0.4,0.6,0.35,0.2,0.6,0.7,26.8,0.836153846153846,1.23461682360135,0.007,TRUE,1.65924806666974,0.001,TRUE,1.06125098436375,0.363,FALSE,1.57430685830068,0.036,TRUE,0.927721878926175,0.643,FALSE,"BrayCurtis",1.65924806666974
"Low",0.3,100,46,1.31494891500992,0.442786069651741,FALSE,0.4,0.3,0.25,0.2,0.3,0.5,31.2222222222222,0.799830364715861,1.05774224896865,0.286,FALSE,1.45536397980941,0.001,TRUE,0.85911768540059,0.752,FALSE,1.71815582530325,0.015,TRUE,0.877524808790252,0.672,FALSE,"WeightedUniFrac",1.71815582530325
"Low",0.3,100,47,1.63313893446375,0.00995024875621891,TRUE,1,0.7,0.35,0.5,0.7,0.7,10.7,0.96,1.28462772448244,0.006,TRUE,1.81297647781261,0.001,TRUE,1.08545550670512,0.317,FALSE,1.71047070963752,0.022,TRUE,0.903822559407339,0.64,FALSE,"BrayCurtis",1.81297647781261
"Low",0.3,100,25,1.65589354608721,0.00497512437810945,TRUE,0.4,0.2,0.1,0.2,0.2,0.2,42.7777777777778,0.711620016963528,1.2958688896064,0.009,TRUE,1.40444462598767,0.002,TRUE,1.42482974181311,0.02,TRUE,1.20964524057301,0.219,FALSE,1.64786089783281,0.006,TRUE,"UnweightedUniFrac",1.64786089783281
"Low",0.3,100,49,1.28830674876228,0.492537313432836,FALSE,0.4,0.3,0.25,0.2,0.3,0.5,39.7777777777778,0.734520780322307,0.98434097099009,0.55,FALSE,1.40653566479912,0.002,TRUE,1.01496918992017,0.462,FALSE,1.30298168943786,0.112,FALSE,0.98353165597561,0.509,FALSE,"BrayCurtis",1.40653566479912
