"Dataset_Type","Sample_Size","Simulation","n","p","MeLSI_F","MeLSI_p","MeLSI_significant","Euclidean_F","Euclidean_p","Euclidean_significant","BrayCurtis_F","BrayCurtis_p","BrayCurtis_significant","Jaccard_F","Jaccard_p","Jaccard_significant","WeightedUniFrac_F","WeightedUniFrac_p","WeightedUniFrac_significant","UnweightedUniFrac_F","UnweightedUniFrac_p","UnweightedUniFrac_significant","Best_Traditional","Best_Traditional_F"
"Null Synthetic",50,1,50,200,1.38051261805494,0.0796019900497512,FALSE,1.1422472749372,0.093,FALSE,1.05721542371336,0.298,FALSE,1.11969809361491,0.222,FALSE,1.05575264262631,0.343,FALSE,1.06559642674471,0.34,FALSE,"Euclidean",1.1422472749372
"Null Real Shuffled",100,2,100,130,0.757695878088189,0.940298507462687,FALSE,0.642454409523532,0.803,FALSE,0.608681113411387,0.807,FALSE,0.460753967520122,0.685,FALSE,0.578680676340271,0.739,FALSE,0.286432684772581,0.769,FALSE,"Euclidean",0.642454409523532
"Null Real Shuffled",100,17,100,130,1.1410635050781,0.611940298507463,FALSE,0.793780518740277,0.641,FALSE,0.987347335113283,0.415,FALSE,4.87873838519012,0.007,TRUE,1.15099771894588,0.333,FALSE,6.43765502633468,0.002,TRUE,"UnweightedUniFrac",6.43765502633468
"Null Synthetic",200,17,200,200,1.21503483904598,0.805970149253731,FALSE,0.878546827896227,0.884,FALSE,0.767459123626301,0.977,FALSE,1.01101475320761,0.475,FALSE,0.91274177169354,0.644,FALSE,1.03142619413593,0.424,FALSE,"UnweightedUniFrac",1.03142619413593
"Null Real Shuffled",200,17,200,130,1.55981414053266,0.233830845771144,FALSE,1.38752049874646,0.14,FALSE,1.41323052432664,0.174,FALSE,-0.0483619744078361,0.969,FALSE,1.07558512366327,0.365,FALSE,-0.135022793312145,0.98,FALSE,"BrayCurtis",1.41323052432664
"Null Synthetic",50,18,50,200,1.23867932733202,0.437810945273632,FALSE,1.0585061362559,0.284,FALSE,1.06977779803299,0.258,FALSE,0.723553826572812,0.955,FALSE,1.00418619348311,0.43,FALSE,0.674071732662498,0.954,FALSE,"BrayCurtis",1.06977779803299
"Null Real Shuffled",50,18,50,130,0.928029890004643,0.850746268656716,FALSE,0.78058194795258,0.711,FALSE,0.907275429188231,0.498,FALSE,0.396695393620004,0.728,FALSE,1.28159093932392,0.241,FALSE,0.497417060921792,0.601,FALSE,"WeightedUniFrac",1.28159093932392
"Null Synthetic",100,18,100,200,1.17836264993657,0.830845771144279,FALSE,0.915988083199594,0.809,FALSE,0.901806597073035,0.821,FALSE,1.07952045873418,0.331,FALSE,0.839639758631914,0.774,FALSE,0.908105940857496,0.647,FALSE,"Jaccard",1.07952045873418
"Null Real Shuffled",100,18,100,130,1.07370510117376,0.701492537313433,FALSE,0.814880725254131,0.615,FALSE,1.33524147875018,0.214,FALSE,0.516129430407156,0.648,FALSE,1.5512178276584,0.164,FALSE,0.489156512646048,0.665,FALSE,"WeightedUniFrac",1.5512178276584
"Null Synthetic",200,18,200,200,1.4712861387937,0.189054726368159,FALSE,1.10371353087227,0.153,FALSE,1.02045042507267,0.421,FALSE,0.940446713575306,0.64,FALSE,0.89906857123687,0.664,FALSE,0.998795323605415,0.482,FALSE,"Euclidean",1.10371353087227
"Null Real Shuffled",200,18,200,130,0.790607121338684,0.935323383084577,FALSE,0.5360007568684,0.947,FALSE,0.466833307175213,0.9,FALSE,0.463226196352702,0.692,FALSE,0.529204131075601,0.762,FALSE,0.276720726494713,0.792,FALSE,"Euclidean",0.5360007568684
"Null Synthetic",50,19,50,200,1.1102879552527,0.840796019900497,FALSE,0.874807112474767,0.898,FALSE,0.9053455233025,0.806,FALSE,0.664439145368753,0.971,FALSE,1.09697371327721,0.295,FALSE,0.647136544428337,0.96,FALSE,"WeightedUniFrac",1.09697371327721
"Null Synthetic",200,2,200,200,1.25420726494859,0.810945273631841,FALSE,0.914160638176459,0.807,FALSE,0.917599954725828,0.743,FALSE,1.14007150604856,0.217,FALSE,0.814394378337226,0.768,FALSE,1.17083089725992,0.216,FALSE,"UnweightedUniFrac",1.17083089725992
"Null Real Shuffled",50,19,50,130,1.44125377789503,0.303482587064677,FALSE,0.876302343772712,0.528,FALSE,0.611320374758426,0.783,FALSE,-0.101289546106321,0.972,FALSE,1.23384398767432,0.258,FALSE,-0.543287066704602,0.998,FALSE,"WeightedUniFrac",1.23384398767432
"Null Synthetic",100,19,100,200,1.20828259352372,0.741293532338308,FALSE,0.910355098780534,0.8,FALSE,1.0017592091164,0.472,FALSE,0.720295614386288,0.936,FALSE,0.874115540312844,0.727,FALSE,0.64670054900028,0.971,FALSE,"BrayCurtis",1.0017592091164
"Null Real Shuffled",100,19,100,130,1.48933819433172,0.373134328358209,FALSE,0.877119495493483,0.522,FALSE,0.578709368216458,0.834,FALSE,0.578024547267686,0.61,FALSE,0.625296861205387,0.655,FALSE,0.639957411432855,0.512,FALSE,"Euclidean",0.877119495493483
"Null Synthetic",200,19,200,200,1.37127790152699,0.462686567164179,FALSE,1.00045256333586,0.512,FALSE,0.92491742172271,0.71,FALSE,1.11512198418861,0.249,FALSE,0.750154122293542,0.883,FALSE,1.24997985621698,0.123,FALSE,"UnweightedUniFrac",1.24997985621698
"Null Real Shuffled",200,19,200,130,1.88753238421738,0.139303482587065,FALSE,1.60867651527973,0.088,FALSE,1.53269013997505,0.118,FALSE,0.602450315191045,0.609,FALSE,1.02482363378698,0.377,FALSE,0.57000316900838,0.631,FALSE,"Euclidean",1.60867651527973
"Null Synthetic",50,20,50,200,1.03882869215628,0.945273631840796,FALSE,0.838787206115634,0.937,FALSE,0.943848855778346,0.686,FALSE,1.00339797341938,0.452,FALSE,0.969798032083365,0.506,FALSE,1.103149859449,0.32,FALSE,"UnweightedUniFrac",1.103149859449
"Null Real Shuffled",50,20,50,130,1.20578126539789,0.54228855721393,FALSE,0.936886364884101,0.481,FALSE,0.896609107690686,0.507,FALSE,1.16526251421277,0.315,FALSE,1.5041440780446,0.16,FALSE,0.770213755241599,0.421,FALSE,"WeightedUniFrac",1.5041440780446
"Null Synthetic",100,20,100,200,1.28850357960672,0.562189054726368,FALSE,0.990650324419384,0.532,FALSE,1.00331155243308,0.483,FALSE,0.977521742447472,0.527,FALSE,0.803506351414517,0.826,FALSE,1.02950835855314,0.434,FALSE,"UnweightedUniFrac",1.02950835855314
"Null Real Shuffled",100,20,100,130,1.87171353610409,0.134328358208955,FALSE,1.61316356495172,0.107,FALSE,1.46805835837131,0.141,FALSE,0.780486073920765,0.479,FALSE,1.93390567883208,0.086,FALSE,0.509309131561202,0.707,FALSE,"WeightedUniFrac",1.93390567883208
"Null Synthetic",200,20,200,200,1.42943537882619,0.328358208955224,FALSE,1.06068786816949,0.295,FALSE,1.0895973767459,0.221,FALSE,0.882346765534788,0.743,FALSE,0.974984442403699,0.496,FALSE,0.890887398333552,0.695,FALSE,"BrayCurtis",1.0895973767459
"Null Real Shuffled",200,2,200,130,2.37290352852772,0.0746268656716418,FALSE,1.71941081538781,0.057,FALSE,1.09800931895801,0.336,FALSE,1.35114614526503,0.247,FALSE,1.13047401675393,0.292,FALSE,1.2570350317986,0.261,FALSE,"Euclidean",1.71941081538781
"Null Real Shuffled",200,20,200,130,1.41820351815982,0.338308457711443,FALSE,0.979855104904352,0.433,FALSE,0.980345669363115,0.448,FALSE,2.0901279002416,0.096,FALSE,0.763352886523964,0.536,FALSE,1.5609597177088,0.209,FALSE,"Jaccard",2.0901279002416
"Null Synthetic",50,21,50,200,1.14541674635845,0.751243781094527,FALSE,0.970292124805513,0.578,FALSE,0.949207589432981,0.666,FALSE,1.01751711471624,0.452,FALSE,0.976860253048378,0.486,FALSE,1.20797774634776,0.155,FALSE,"UnweightedUniFrac",1.20797774634776
"Null Real Shuffled",50,21,50,130,0.918802438270569,0.781094527363184,FALSE,0.668018216552011,0.788,FALSE,0.933118700920523,0.478,FALSE,1.49109946523321,0.185,FALSE,1.60952269341851,0.144,FALSE,1.85654030019563,0.165,FALSE,"UnweightedUniFrac",1.85654030019563
"Null Synthetic",100,21,100,200,1.48167443843716,0.104477611940299,FALSE,1.12657634470296,0.09,FALSE,1.14341991667898,0.108,FALSE,1.1344879653965,0.213,FALSE,1.00498605445216,0.432,FALSE,0.822366173901628,0.801,FALSE,"BrayCurtis",1.14341991667898
"Null Real Shuffled",100,21,100,130,1.90327271536531,0.159203980099502,FALSE,1.28878067648944,0.189,FALSE,1.98484453446532,0.045,TRUE,2.23144266506978,0.102,FALSE,1.09882965320219,0.306,FALSE,2.70759614489539,0.073,FALSE,"UnweightedUniFrac",2.70759614489539
"Null Synthetic",200,21,200,200,1.25904859015886,0.746268656716418,FALSE,0.923123297590611,0.771,FALSE,0.845488869980291,0.911,FALSE,0.765816917158866,0.918,FALSE,0.791271436430372,0.841,FALSE,0.840091138731927,0.772,FALSE,"Euclidean",0.923123297590611
"Null Real Shuffled",200,21,200,130,1.29410122891391,0.477611940298507,FALSE,0.89268504246362,0.495,FALSE,1.05924868927,0.35,FALSE,0.249513570301152,0.827,FALSE,1.6129379562942,0.138,FALSE,0.336007068774704,0.709,FALSE,"WeightedUniFrac",1.6129379562942
"Null Synthetic",50,22,50,200,1.0143713179956,0.995024875621891,FALSE,0.835855942174501,0.951,FALSE,0.865215031076491,0.891,FALSE,0.756492684935564,0.935,FALSE,0.801021566090821,0.824,FALSE,0.696175076959884,0.942,FALSE,"BrayCurtis",0.865215031076491
"Null Real Shuffled",50,22,50,130,1.48095724219866,0.26865671641791,FALSE,1.28000113747764,0.213,FALSE,1.35399542411159,0.17,FALSE,1.5275613286827,0.189,FALSE,1.11431090849986,0.341,FALSE,1.25339233053199,0.266,FALSE,"Jaccard",1.5275613286827
"Null Synthetic",100,22,100,200,1.53524459443789,0.0248756218905473,TRUE,1.22681313356654,0.026,TRUE,1.11565318986803,0.15,FALSE,1.57145562153189,0.003,TRUE,1.06777980939252,0.337,FALSE,1.61527579880676,0.004,TRUE,"UnweightedUniFrac",1.61527579880676
"Null Synthetic",50,3,50,200,1.19293142684045,0.592039800995025,FALSE,0.962959572546485,0.588,FALSE,0.992306907336805,0.532,FALSE,0.757340785499757,0.928,FALSE,0.974053764787505,0.485,FALSE,0.72697475738839,0.923,FALSE,"BrayCurtis",0.992306907336805
"Null Real Shuffled",100,22,100,130,1.4046702599788,0.407960199004975,FALSE,0.874455829400567,0.539,FALSE,0.875980236804124,0.493,FALSE,0.63129695376319,0.552,FALSE,0.560218720214025,0.729,FALSE,0.67017190706282,0.557,FALSE,"BrayCurtis",0.875980236804124
"Null Synthetic",200,22,200,200,1.52464650367818,0.0945273631840796,FALSE,1.11239435910455,0.123,FALSE,1.18133223597477,0.055,FALSE,0.911802563566159,0.668,FALSE,0.907718531935711,0.62,FALSE,0.811930533537974,0.811,FALSE,"BrayCurtis",1.18133223597477
"Null Real Shuffled",200,22,200,130,1.14911693494318,0.601990049751244,FALSE,0.788048375469802,0.644,FALSE,0.863367358310757,0.553,FALSE,0.346198133777913,0.846,FALSE,1.05762275249935,0.384,FALSE,0.512210712192172,0.648,FALSE,"WeightedUniFrac",1.05762275249935
"Null Synthetic",50,23,50,200,1.12451086772713,0.82089552238806,FALSE,0.932504608650736,0.721,FALSE,0.954334259996889,0.645,FALSE,0.918344269682684,0.654,FALSE,0.749688736489598,0.881,FALSE,0.933923310401923,0.638,FALSE,"BrayCurtis",0.954334259996889
"Null Real Shuffled",50,23,50,130,1.38286502275299,0.293532338308458,FALSE,0.851893207529058,0.536,FALSE,0.886995881495838,0.509,FALSE,-0.102070558802455,0.985,FALSE,0.346372928629423,0.885,FALSE,0.155965169784321,0.849,FALSE,"BrayCurtis",0.886995881495838
"Null Synthetic",100,23,100,200,1.27645647867929,0.572139303482587,FALSE,0.953984567766285,0.642,FALSE,0.902661693360452,0.816,FALSE,1.04864571580379,0.366,FALSE,1.38294744149343,0.06,FALSE,0.983291811670994,0.506,FALSE,"WeightedUniFrac",1.38294744149343
"Null Real Shuffled",100,23,100,130,0.797797108488784,0.890547263681592,FALSE,0.76410930524251,0.652,FALSE,1.24301803188908,0.254,FALSE,1.13373045447998,0.289,FALSE,1.63066015090682,0.144,FALSE,1.88492456384773,0.146,FALSE,"UnweightedUniFrac",1.88492456384773
"Null Synthetic",200,23,200,200,1.29529834895163,0.577114427860697,FALSE,0.977807128911611,0.578,FALSE,0.92212738978517,0.756,FALSE,1.08906454290309,0.3,FALSE,0.860764166822937,0.699,FALSE,1.17598970801406,0.198,FALSE,"UnweightedUniFrac",1.17598970801406
"Null Real Shuffled",200,23,200,130,2.63041557645558,0.0298507462686567,TRUE,1.83690037457965,0.038,TRUE,2.19160114074753,0.032,TRUE,1.84508568242808,0.155,FALSE,2.48414147666069,0.046,TRUE,1.49868890622054,0.229,FALSE,"WeightedUniFrac",2.48414147666069
"Null Synthetic",50,24,50,200,1.09452506061199,0.91044776119403,FALSE,0.920188201065957,0.783,FALSE,0.900554453190723,0.802,FALSE,1.07170058686561,0.351,FALSE,0.971085185910483,0.498,FALSE,0.945607743737796,0.56,FALSE,"Jaccard",1.07170058686561
"Null Real Shuffled",50,3,50,130,0.937288202742462,0.746268656716418,FALSE,0.585588909701283,0.907,FALSE,0.585076643508445,0.778,FALSE,1.74660041358027,0.138,FALSE,0.416847447938995,0.836,FALSE,1.10310523664484,0.33,FALSE,"Jaccard",1.74660041358027
"Null Real Shuffled",50,24,50,130,0.76911605116494,0.950248756218905,FALSE,0.740586224228162,0.724,FALSE,0.534340397636052,0.872,FALSE,0.608486693254849,0.607,FALSE,0.458057158367583,0.848,FALSE,0.41627885606245,0.691,FALSE,"Euclidean",0.740586224228162
"Null Synthetic",100,24,100,200,1.27567819993793,0.606965174129353,FALSE,0.99142474529195,0.548,FALSE,0.935012335860567,0.718,FALSE,0.99881926568922,0.482,FALSE,0.963062475355587,0.531,FALSE,1.14401723181817,0.237,FALSE,"UnweightedUniFrac",1.14401723181817
"Null Real Shuffled",100,24,100,130,2.2881238132049,0.0696517412935323,FALSE,1.7128853560931,0.049,TRUE,1.70685148581597,0.075,FALSE,1.77665338275062,0.148,FALSE,2.41067214052843,0.041,TRUE,1.97775052024927,0.119,FALSE,"WeightedUniFrac",2.41067214052843
"Null Synthetic",200,24,200,200,1.442401568187,0.238805970149254,FALSE,1.06869176259421,0.244,FALSE,1.02726557259717,0.404,FALSE,1.11310174152539,0.272,FALSE,0.555564459004354,0.996,FALSE,1.18564400806357,0.21,FALSE,"UnweightedUniFrac",1.18564400806357
"Null Real Shuffled",200,24,200,130,0.932302932670843,0.860696517412935,FALSE,0.655414064444248,0.832,FALSE,0.489009045855121,0.903,FALSE,1.89699161811893,0.151,FALSE,1.22885878550753,0.267,FALSE,1.63159934829217,0.188,FALSE,"Jaccard",1.89699161811893
"Null Synthetic",50,25,50,200,1.17955300008659,0.656716417910448,FALSE,0.974087761799638,0.593,FALSE,0.943614109989012,0.682,FALSE,0.890131491297844,0.708,FALSE,0.85743080001883,0.719,FALSE,0.937558853596553,0.607,FALSE,"Euclidean",0.974087761799638
"Null Real Shuffled",50,25,50,130,1.21174316707742,0.45273631840796,FALSE,0.921621198447458,0.496,FALSE,1.23610714724188,0.262,FALSE,0.404294537286824,0.771,FALSE,1.3104066417226,0.262,FALSE,0.367099527289071,0.77,FALSE,"WeightedUniFrac",1.3104066417226
"Null Synthetic",100,25,100,200,1.10201406526625,0.950248756218905,FALSE,0.833609001317372,0.96,FALSE,0.855696790663183,0.911,FALSE,0.880180492350141,0.729,FALSE,1.09927921403793,0.299,FALSE,0.607243521182705,0.974,FALSE,"WeightedUniFrac",1.09927921403793
"Null Real Shuffled",100,25,100,130,1.43312894602905,0.303482587064677,FALSE,0.970937331302263,0.44,FALSE,0.741048639488666,0.669,FALSE,1.38113097215167,0.237,FALSE,0.813561413363688,0.546,FALSE,1.73519309477302,0.154,FALSE,"UnweightedUniFrac",1.73519309477302
"Null Synthetic",200,25,200,200,1.32058921259664,0.577114427860697,FALSE,0.963625807725141,0.607,FALSE,0.92055934883267,0.746,FALSE,1.04433604157171,0.36,FALSE,0.750712219487278,0.881,FALSE,0.927461899085631,0.631,FALSE,"Jaccard",1.04433604157171
"Null Synthetic",100,3,100,200,1.31510588981029,0.477611940298507,FALSE,1.0108733105019,0.432,FALSE,0.980147440054414,0.569,FALSE,0.813805322843173,0.863,FALSE,1.27629519175049,0.124,FALSE,0.975167921848147,0.516,FALSE,"WeightedUniFrac",1.27629519175049
"Null Real Shuffled",200,25,200,130,1.19993920563783,0.54726368159204,FALSE,0.688255946659949,0.783,FALSE,0.65491732727971,0.726,FALSE,4.0036988941308,0.014,TRUE,0.919756292082338,0.448,FALSE,4.4507334151763,0.014,TRUE,"UnweightedUniFrac",4.4507334151763
"Null Synthetic",50,26,50,200,1.16775897350733,0.666666666666667,FALSE,0.960234942566808,0.639,FALSE,1.04563256682692,0.343,FALSE,1.29714231496161,0.064,FALSE,0.670730833374403,0.936,FALSE,1.27979474494633,0.098,FALSE,"Jaccard",1.29714231496161
"Null Real Shuffled",50,26,50,130,1.58778103870319,0.223880597014925,FALSE,0.885722559998645,0.504,FALSE,0.563148131848341,0.806,FALSE,0.176269679916727,0.888,FALSE,0.467963609049139,0.8,FALSE,0.281434810426163,0.755,FALSE,"Euclidean",0.885722559998645
"Null Synthetic",100,26,100,200,1.25172144188524,0.656716417910448,FALSE,0.982386697348421,0.6,FALSE,1.04562129825214,0.363,FALSE,0.697859114642106,0.952,FALSE,1.29312229538213,0.106,FALSE,0.699161388979442,0.931,FALSE,"WeightedUniFrac",1.29312229538213
"Null Real Shuffled",100,26,100,130,1.12501402321871,0.676616915422886,FALSE,0.638549738142639,0.869,FALSE,0.761409260180851,0.631,FALSE,0.934863047223413,0.4,FALSE,0.350737138456796,0.891,FALSE,1.23803370249256,0.279,FALSE,"UnweightedUniFrac",1.23803370249256
"Null Synthetic",200,26,200,200,1.46671837612511,0.213930348258706,FALSE,1.1288407268707,0.108,FALSE,1.10219199529587,0.177,FALSE,1.0141177383518,0.482,FALSE,0.805373901478359,0.828,FALSE,0.886618915167665,0.698,FALSE,"Euclidean",1.1288407268707
"Null Real Shuffled",200,26,200,130,1.1657719103661,0.582089552238806,FALSE,0.780183842068421,0.667,FALSE,0.333515964129188,0.975,FALSE,0.378421432706218,0.756,FALSE,0.281259282350573,0.943,FALSE,0.174567103936091,0.865,FALSE,"Euclidean",0.780183842068421
"Null Synthetic",50,27,50,200,1.62996828480952,0.00497512437810945,TRUE,1.34593138659635,0.002,TRUE,1.38381681069544,0.002,TRUE,1.18867387986123,0.143,FALSE,1.46886168924877,0.035,TRUE,1.25193025217309,0.122,FALSE,"WeightedUniFrac",1.46886168924877
"Null Real Shuffled",50,27,50,130,2.14634471785109,0.0746268656716418,FALSE,1.52895241682101,0.096,FALSE,1.01527584304365,0.417,FALSE,2.29450630991715,0.092,FALSE,0.557503607049663,0.744,FALSE,1.59366062074264,0.181,FALSE,"Jaccard",2.29450630991715
"Null Synthetic",100,27,100,200,1.27670037675094,0.492537313432836,FALSE,1.00353504476602,0.496,FALSE,1.03380726027136,0.381,FALSE,1.07296798553449,0.35,FALSE,1.19271104584423,0.185,FALSE,1.13892515220043,0.254,FALSE,"WeightedUniFrac",1.19271104584423
"Null Real Shuffled",100,3,100,130,1.62971715757193,0.223880597014925,FALSE,1.26753963149774,0.186,FALSE,1.18785569422419,0.294,FALSE,0.534789514092424,0.686,FALSE,2.15217557108712,0.048,TRUE,0.423127600995771,0.727,FALSE,"WeightedUniFrac",2.15217557108712
"Null Real Shuffled",100,27,100,130,0.967283210206227,0.786069651741294,FALSE,0.821822279110631,0.611,FALSE,0.819001529116468,0.558,FALSE,0.482786563410861,0.671,FALSE,0.673667784676589,0.614,FALSE,0.345860965587722,0.763,FALSE,"Euclidean",0.821822279110631
"Null Synthetic",200,27,200,200,1.20713563224484,0.850746268656716,FALSE,0.916099210429202,0.824,FALSE,0.997434264265665,0.463,FALSE,0.828606240784246,0.832,FALSE,0.825208619475348,0.785,FALSE,0.760480941454364,0.88,FALSE,"BrayCurtis",0.997434264265665
"Null Real Shuffled",200,27,200,130,1.19474153132981,0.606965174129353,FALSE,0.958249359945021,0.442,FALSE,0.909172596358083,0.495,FALSE,0.442947117789239,0.715,FALSE,0.394967983757344,0.914,FALSE,0.58100128590211,0.561,FALSE,"Euclidean",0.958249359945021
"Null Synthetic",50,28,50,200,1.24522721594614,0.402985074626866,FALSE,1.00467802440434,0.455,FALSE,1.14020189009216,0.123,FALSE,0.871257213906939,0.779,FALSE,0.946461324423906,0.547,FALSE,0.912986367489681,0.643,FALSE,"BrayCurtis",1.14020189009216
"Null Real Shuffled",50,28,50,130,1.81546443873159,0.0995024875621891,FALSE,2.19153379263725,0.024,TRUE,2.03324007812979,0.049,TRUE,1.10633365755242,0.343,FALSE,3.06286211510073,0.022,TRUE,0.890698794328493,0.437,FALSE,"WeightedUniFrac",3.06286211510073
"Null Synthetic",100,28,100,200,1.46154380396208,0.124378109452736,FALSE,1.1645518029178,0.052,FALSE,1.27921633769922,0.013,TRUE,0.918210383771635,0.66,FALSE,1.09446414059155,0.313,FALSE,0.90042311973258,0.672,FALSE,"BrayCurtis",1.27921633769922
"Null Real Shuffled",100,28,100,130,1.52158831823261,0.258706467661692,FALSE,1.10885122896494,0.324,FALSE,1.3945348562604,0.179,FALSE,2.25835895865772,0.099,FALSE,1.46520424880212,0.192,FALSE,2.48254191964672,0.097,FALSE,"UnweightedUniFrac",2.48254191964672
"Null Synthetic",200,28,200,200,1.25538836227622,0.73134328358209,FALSE,0.931525141388676,0.739,FALSE,0.965737165425254,0.627,FALSE,1.04030268419711,0.393,FALSE,1.35095055437345,0.08,FALSE,1.1081792389475,0.284,FALSE,"WeightedUniFrac",1.35095055437345
"Null Real Shuffled",200,28,200,130,2.44471302659306,0.0746268656716418,FALSE,2.20005856690681,0.015,TRUE,1.88468933496315,0.055,FALSE,0.888929814341053,0.432,FALSE,1.4424563316757,0.179,FALSE,0.390877731733942,0.688,FALSE,"Euclidean",2.20005856690681
"Null Synthetic",50,29,50,200,1.18762636062194,0.587064676616915,FALSE,0.963983970080469,0.628,FALSE,0.967144356331027,0.606,FALSE,0.966363558288489,0.56,FALSE,1.0236750247272,0.422,FALSE,1.06320036340819,0.381,FALSE,"UnweightedUniFrac",1.06320036340819
"Null Synthetic",200,3,200,200,1.27314925609952,0.706467661691542,FALSE,0.954748111832478,0.645,FALSE,0.846224164308999,0.92,FALSE,1.11604497074344,0.266,FALSE,1.02165966974387,0.401,FALSE,1.09619284683475,0.332,FALSE,"Jaccard",1.11604497074344
"Null Real Shuffled",50,29,50,130,1.43678196271696,0.223880597014925,FALSE,1.14106223377025,0.271,FALSE,1.26969200836505,0.228,FALSE,1.68661840140025,0.161,FALSE,1.14539298740558,0.294,FALSE,1.81754681460447,0.166,FALSE,"UnweightedUniFrac",1.81754681460447
"Null Synthetic",100,29,100,200,1.2190253603261,0.716417910447761,FALSE,0.947762353206205,0.696,FALSE,1.04268678167719,0.375,FALSE,1.01809692257769,0.45,FALSE,1.03316004504058,0.414,FALSE,1.11226775340603,0.307,FALSE,"UnweightedUniFrac",1.11226775340603
"Null Real Shuffled",100,29,100,130,1.21834597026097,0.557213930348259,FALSE,0.974983234539654,0.427,FALSE,1.01611293151216,0.401,FALSE,1.70717967765846,0.143,FALSE,1.02095930517901,0.397,FALSE,2.19323008097078,0.098,FALSE,"UnweightedUniFrac",2.19323008097078
"Null Synthetic",200,29,200,200,1.30009551909931,0.592039800995025,FALSE,0.955845187150206,0.653,FALSE,0.919024008290607,0.737,FALSE,1.07854851273977,0.335,FALSE,0.866487218077656,0.707,FALSE,1.12257815563383,0.289,FALSE,"UnweightedUniFrac",1.12257815563383
"Null Real Shuffled",200,29,200,130,0.748935505703008,0.940298507462687,FALSE,0.526007615876641,0.947,FALSE,0.574519939515147,0.849,FALSE,0.54018597516897,0.617,FALSE,0.721378644388443,0.548,FALSE,0.730132292308578,0.477,FALSE,"UnweightedUniFrac",0.730132292308578
"Null Synthetic",50,30,50,200,1.09520781294481,0.810945273631841,FALSE,0.881645720553915,0.876,FALSE,0.906840409156396,0.779,FALSE,1.1558020896258,0.204,FALSE,1.21968228424596,0.14,FALSE,1.30693031106132,0.091,FALSE,"UnweightedUniFrac",1.30693031106132
"Null Real Shuffled",50,30,50,130,2.36974281880581,0.0398009950248756,TRUE,1.58594720267459,0.084,FALSE,2.01034968749749,0.056,FALSE,0.760812016805775,0.504,FALSE,2.12834893679443,0.064,FALSE,0.661453395227523,0.566,FALSE,"WeightedUniFrac",2.12834893679443
"Null Synthetic",100,30,100,200,1.28775754573162,0.527363184079602,FALSE,0.973581365827189,0.592,FALSE,1.03497779401224,0.383,FALSE,1.07040233388469,0.316,FALSE,0.726221540411653,0.921,FALSE,1.02590459941316,0.427,FALSE,"Jaccard",1.07040233388469
"Null Real Shuffled",100,30,100,130,1.49483741175142,0.368159203980099,FALSE,0.985361151648636,0.432,FALSE,0.731160547326691,0.686,FALSE,1.2258731486175,0.271,FALSE,0.424812321401915,0.837,FALSE,1.74112982719393,0.165,FALSE,"UnweightedUniFrac",1.74112982719393
"Null Synthetic",200,30,200,200,1.25462780725833,0.701492537313433,FALSE,0.962529274371286,0.622,FALSE,1.02900365985301,0.386,FALSE,0.899163351634703,0.716,FALSE,0.956811376408072,0.552,FALSE,0.790778701625271,0.855,FALSE,"BrayCurtis",1.02900365985301
"Null Real Shuffled",200,3,200,130,1.85179182257513,0.144278606965174,FALSE,1.26987436212146,0.186,FALSE,1.1440861437593,0.31,FALSE,1.62006936754936,0.163,FALSE,1.15467019465529,0.312,FALSE,2.17823710668482,0.111,FALSE,"UnweightedUniFrac",2.17823710668482
"Null Real Shuffled",200,30,200,130,1.97325821659049,0.109452736318408,FALSE,1.37014564093705,0.166,FALSE,1.64119085514068,0.125,FALSE,0.560364412182368,0.65,FALSE,2.06682467227315,0.088,FALSE,0.44525266975954,0.684,FALSE,"WeightedUniFrac",2.06682467227315
"Null Synthetic",50,31,50,200,0.948458717315902,0.990049751243781,FALSE,0.768070857038138,0.988,FALSE,0.768411796671635,0.979,FALSE,0.4967295013258,0.999,FALSE,0.722762962532249,0.906,FALSE,0.506157064424384,0.994,FALSE,"BrayCurtis",0.768411796671635
"Null Real Shuffled",50,31,50,130,0.726675097623457,0.91044776119403,FALSE,0.530559918715442,0.949,FALSE,0.794969225020853,0.622,FALSE,0.501945443565605,0.696,FALSE,1.24756487929758,0.263,FALSE,0.575523735027824,0.598,FALSE,"WeightedUniFrac",1.24756487929758
"Null Synthetic",100,31,100,200,1.25834269146766,0.532338308457711,FALSE,0.964017413647869,0.635,FALSE,0.992167489155494,0.501,FALSE,0.994882029297598,0.492,FALSE,1.13193957519529,0.256,FALSE,0.820371372228715,0.796,FALSE,"WeightedUniFrac",1.13193957519529
"Null Real Shuffled",100,31,100,130,1.91297351058529,0.159203980099502,FALSE,1.44723817410678,0.13,FALSE,1.14483579057995,0.295,FALSE,0.56754044709674,0.639,FALSE,1.18701280691068,0.3,FALSE,0.248356850615803,0.816,FALSE,"Euclidean",1.44723817410678
"Null Synthetic",200,31,200,200,1.47093843434317,0.149253731343284,FALSE,1.11084341571457,0.124,FALSE,0.972122278098439,0.569,FALSE,1.12324224471933,0.233,FALSE,0.996023000606752,0.418,FALSE,1.28942776925252,0.074,FALSE,"UnweightedUniFrac",1.28942776925252
"Null Real Shuffled",200,31,200,130,1.75297316919898,0.218905472636816,FALSE,1.33214365496899,0.191,FALSE,1.44115435651116,0.164,FALSE,1.1581684921269,0.319,FALSE,1.02558017924795,0.363,FALSE,1.38515567489357,0.234,FALSE,"BrayCurtis",1.44115435651116
"Null Synthetic",50,32,50,200,1.23211490968505,0.527363184079602,FALSE,0.998600729109921,0.497,FALSE,1.1193527235455,0.158,FALSE,0.718057141228098,0.956,FALSE,0.952832972898992,0.541,FALSE,0.727763478900581,0.918,FALSE,"BrayCurtis",1.1193527235455
"Null Real Shuffled",50,32,50,130,1.07256517706919,0.706467661691542,FALSE,0.869902982581411,0.544,FALSE,0.489132179953717,0.907,FALSE,0.467021321385637,0.733,FALSE,0.591610073511319,0.696,FALSE,-0.303554728987018,0.995,FALSE,"Euclidean",0.869902982581411
"Null Synthetic",100,32,100,200,1.36068081566861,0.373134328358209,FALSE,1.02845307648182,0.367,FALSE,1.10038732387936,0.19,FALSE,0.93770038274871,0.628,FALSE,0.890358693996945,0.666,FALSE,0.939130947920224,0.592,FALSE,"BrayCurtis",1.10038732387936
"Null Synthetic",50,4,50,200,1.12619858170188,0.81592039800995,FALSE,0.969021668056225,0.595,FALSE,1.03754384412854,0.377,FALSE,1.18116802020051,0.141,FALSE,1.46878464921995,0.025,TRUE,1.01718807594043,0.489,FALSE,"WeightedUniFrac",1.46878464921995
"Null Real Shuffled",100,32,100,130,1.02086776048346,0.751243781094527,FALSE,0.711647500434879,0.764,FALSE,0.55793601430399,0.866,FALSE,0.150371376897501,0.925,FALSE,0.340770944648693,0.897,FALSE,0.161408801352948,0.871,FALSE,"Euclidean",0.711647500434879
"Null Synthetic",200,32,200,200,1.30341739642127,0.587064676616915,FALSE,0.979414900682104,0.564,FALSE,0.851614383527794,0.897,FALSE,0.904836580409499,0.706,FALSE,0.841960563062485,0.76,FALSE,0.836232976640739,0.771,FALSE,"Euclidean",0.979414900682104
"Null Real Shuffled",200,32,200,130,0.977503513290031,0.810945273631841,FALSE,0.874079572016688,0.544,FALSE,0.837838858774788,0.568,FALSE,0.010245023733721,0.967,FALSE,0.609505735555999,0.728,FALSE,-0.0933200385193991,0.966,FALSE,"Euclidean",0.874079572016688
"Null Synthetic",50,33,50,200,1.09246204683487,0.895522388059702,FALSE,0.88852452893913,0.852,FALSE,1.04718253220748,0.337,FALSE,0.898269528818942,0.711,FALSE,0.789030560892645,0.87,FALSE,0.942779935049244,0.591,FALSE,"BrayCurtis",1.04718253220748
"Null Real Shuffled",50,33,50,130,1.88130727529648,0.119402985074627,FALSE,1.67979781529754,0.071,FALSE,2.54615128448972,0.025,TRUE,0.380805783426257,0.763,FALSE,1.68728926728729,0.132,FALSE,0.488987707044384,0.667,FALSE,"BrayCurtis",2.54615128448972
"Null Synthetic",100,33,100,200,1.18630780124662,0.830845771144279,FALSE,0.910511178878358,0.789,FALSE,1.05196204605441,0.307,FALSE,0.999760063027526,0.488,FALSE,1.13974077795593,0.239,FALSE,0.892178826445652,0.702,FALSE,"WeightedUniFrac",1.13974077795593
"Null Real Shuffled",100,33,100,130,1.83012530883754,0.17910447761194,FALSE,1.12650261646824,0.307,FALSE,1.2810112579049,0.246,FALSE,1.0906764927155,0.321,FALSE,1.08231981383993,0.379,FALSE,0.901549562549304,0.4,FALSE,"BrayCurtis",1.2810112579049
"Null Synthetic",200,33,200,200,1.27677295402477,0.676616915422886,FALSE,0.952086188273878,0.7,FALSE,0.902678615876172,0.804,FALSE,0.986723823585237,0.492,FALSE,0.683336281455761,0.951,FALSE,0.911466235934785,0.654,FALSE,"Jaccard",0.986723823585237
"Null Real Shuffled",200,33,200,130,1.71087760932161,0.189054726368159,FALSE,1.31900542498989,0.177,FALSE,1.29399172631619,0.228,FALSE,1.27702265738513,0.254,FALSE,1.50309584008913,0.154,FALSE,1.22872844271604,0.294,FALSE,"WeightedUniFrac",1.50309584008913
"Null Synthetic",50,34,50,200,1.21430317322453,0.562189054726368,FALSE,1.02492252844233,0.387,FALSE,1.04691654610576,0.345,FALSE,0.859633394834281,0.798,FALSE,1.01000820213138,0.433,FALSE,0.852446901110816,0.786,FALSE,"BrayCurtis",1.04691654610576
"Null Real Shuffled",50,1,50,130,1.15298679052416,0.577114427860697,FALSE,0.821466574113742,0.573,FALSE,0.567577043509738,0.813,FALSE,0.243584388564467,0.845,FALSE,0.882632795571973,0.455,FALSE,0.074238646824592,0.937,FALSE,"WeightedUniFrac",0.882632795571973
"Null Real Shuffled",50,4,50,130,1.25390545977642,0.462686567164179,FALSE,1.08711212746045,0.31,FALSE,0.73773900425744,0.606,FALSE,3.41089239946334,0.045,TRUE,0.650931035663731,0.643,FALSE,3.02242813713345,0.037,TRUE,"Jaccard",3.41089239946334
"Null Real Shuffled",50,34,50,130,1.42538478735541,0.308457711442786,FALSE,1.45061149703985,0.141,FALSE,2.03076915590664,0.053,FALSE,4.24680982626951,0.021,TRUE,1.97951669780542,0.068,FALSE,4.25638100596408,0.014,TRUE,"UnweightedUniFrac",4.25638100596408
"Null Synthetic",100,34,100,200,1.16080317781507,0.870646766169154,FALSE,0.88545877902988,0.884,FALSE,0.881253979582927,0.847,FALSE,0.818999828009262,0.844,FALSE,0.795569506090883,0.851,FALSE,0.865109419972552,0.719,FALSE,"Euclidean",0.88545877902988
"Null Real Shuffled",100,34,100,130,1.18053018985354,0.502487562189055,FALSE,0.927034820804879,0.491,FALSE,1.58370776503692,0.094,FALSE,0.16021132738737,0.893,FALSE,1.20918104599142,0.296,FALSE,0.00145614879389724,0.944,FALSE,"BrayCurtis",1.58370776503692
"Null Synthetic",200,34,200,200,1.45578980645291,0.208955223880597,FALSE,1.09034946454707,0.173,FALSE,0.907222916705067,0.803,FALSE,1.21111614686569,0.122,FALSE,0.947764014229022,0.522,FALSE,1.25323252817462,0.118,FALSE,"UnweightedUniFrac",1.25323252817462
"Null Real Shuffled",200,34,200,130,1.17007577929523,0.626865671641791,FALSE,0.754421748912653,0.713,FALSE,0.707111801201382,0.692,FALSE,2.11052922732127,0.105,FALSE,0.34049494235266,0.915,FALSE,2.37332212535263,0.092,FALSE,"UnweightedUniFrac",2.37332212535263
"Null Synthetic",50,35,50,200,1.25488595269119,0.328358208955224,FALSE,1.08804606607165,0.195,FALSE,0.953154661337457,0.66,FALSE,1.16051452655454,0.178,FALSE,0.95085595620153,0.555,FALSE,1.14698893023616,0.231,FALSE,"Jaccard",1.16051452655454
"Null Real Shuffled",50,35,50,130,1.22695232903617,0.537313432835821,FALSE,0.694085942754677,0.734,FALSE,0.750808447862053,0.605,FALSE,2.3664474589772,0.063,FALSE,0.797064054837375,0.568,FALSE,2.46759625777169,0.098,FALSE,"UnweightedUniFrac",2.46759625777169
"Null Synthetic",100,35,100,200,1.305264132637,0.562189054726368,FALSE,1.0223956062392,0.405,FALSE,1.11009273234845,0.181,FALSE,1.05062099307944,0.38,FALSE,1.33889934711856,0.068,FALSE,1.08973151815251,0.331,FALSE,"WeightedUniFrac",1.33889934711856
"Null Real Shuffled",100,35,100,130,2.05694150892714,0.104477611940299,FALSE,1.49830480528048,0.111,FALSE,1.33219132915355,0.226,FALSE,1.29637275155922,0.251,FALSE,1.04987982745472,0.355,FALSE,1.06244445314457,0.357,FALSE,"Euclidean",1.49830480528048
"Null Synthetic",200,35,200,200,1.35348978507106,0.487562189054726,FALSE,1.0140737276851,0.44,FALSE,1.07972010680379,0.218,FALSE,0.927669027130985,0.661,FALSE,0.761025392176956,0.882,FALSE,0.93371916846288,0.622,FALSE,"BrayCurtis",1.07972010680379
"Null Synthetic",100,4,100,200,1.15431878969312,0.885572139303483,FALSE,0.880755242393537,0.899,FALSE,0.996779017828396,0.49,FALSE,0.925512781641118,0.635,FALSE,0.943885181615915,0.541,FALSE,0.916198152106863,0.646,FALSE,"BrayCurtis",0.996779017828396
"Null Real Shuffled",200,35,200,130,1.00531093045139,0.766169154228856,FALSE,0.826662471517473,0.588,FALSE,0.757064440171189,0.637,FALSE,1.3248126727026,0.262,FALSE,0.802659910556252,0.537,FALSE,1.62618843898692,0.18,FALSE,"UnweightedUniFrac",1.62618843898692
"Null Synthetic",50,36,50,200,1.23294589619802,0.487562189054726,FALSE,0.959974301624488,0.657,FALSE,0.963988330965295,0.631,FALSE,0.984292985662256,0.576,FALSE,0.927373577787733,0.583,FALSE,1.18195366875667,0.177,FALSE,"UnweightedUniFrac",1.18195366875667
"Null Real Shuffled",50,36,50,130,1.85316557300451,0.0995024875621891,FALSE,1.21470246263337,0.23,FALSE,1.17640190611318,0.26,FALSE,0.935928598901408,0.438,FALSE,0.761848269747913,0.538,FALSE,1.51497729773824,0.191,FALSE,"UnweightedUniFrac",1.51497729773824
"Null Synthetic",100,36,100,200,1.28882281773523,0.54726368159204,FALSE,1.02447082733188,0.411,FALSE,1.01755917984524,0.435,FALSE,0.900582722530594,0.722,FALSE,1.03671567526332,0.373,FALSE,1.12310991766331,0.26,FALSE,"UnweightedUniFrac",1.12310991766331
"Null Real Shuffled",100,36,100,130,1.54420250875845,0.288557213930348,FALSE,0.894187614094877,0.492,FALSE,0.962321048565597,0.43,FALSE,1.09291523683062,0.348,FALSE,0.493348668238111,0.744,FALSE,1.0603515773393,0.36,FALSE,"Jaccard",1.09291523683062
"Null Synthetic",200,36,200,200,1.27476530530978,0.686567164179104,FALSE,0.92819965343335,0.752,FALSE,0.989273980548552,0.513,FALSE,0.978621850133303,0.559,FALSE,0.796384362972083,0.778,FALSE,0.860447287616955,0.741,FALSE,"BrayCurtis",0.989273980548552
"Null Real Shuffled",200,36,200,130,2.43262811030973,0.0497512437810945,TRUE,1.31387810416753,0.157,FALSE,1.22514975574277,0.267,FALSE,0.65232601254718,0.602,FALSE,0.683343984050416,0.614,FALSE,0.591914619458404,0.607,FALSE,"Euclidean",1.31387810416753
"Null Synthetic",50,37,50,200,1.25697328058079,0.398009950248756,FALSE,1.05308685941603,0.273,FALSE,1.05903471519921,0.325,FALSE,1.09939169462531,0.3,FALSE,0.947270265428673,0.527,FALSE,0.933239547261655,0.619,FALSE,"Jaccard",1.09939169462531
"Null Real Shuffled",50,37,50,130,1.04018580323038,0.711442786069652,FALSE,0.976253239106913,0.456,FALSE,1.05655082916752,0.368,FALSE,0.208039686702094,0.847,FALSE,1.26353681892483,0.264,FALSE,0.161317168872972,0.846,FALSE,"WeightedUniFrac",1.26353681892483
"Null Synthetic",100,37,100,200,1.37155802360767,0.26865671641791,FALSE,1.03417128137135,0.356,FALSE,0.806075011533538,0.968,FALSE,1.1478279482803,0.207,FALSE,0.781805685863068,0.826,FALSE,1.09081229271168,0.304,FALSE,"Jaccard",1.1478279482803
"Null Real Shuffled",100,4,100,130,0.900343706731556,0.875621890547264,FALSE,0.680794009141934,0.792,FALSE,0.509604503962902,0.91,FALSE,0.410111958754396,0.744,FALSE,0.482846623203877,0.768,FALSE,0.652453252560979,0.556,FALSE,"Euclidean",0.680794009141934
"Null Real Shuffled",100,37,100,130,1.57366570882671,0.293532338308458,FALSE,1.03329929069289,0.411,FALSE,0.755318106803352,0.677,FALSE,0.282032415718704,0.826,FALSE,0.710739731229403,0.607,FALSE,0.0861525776633706,0.887,FALSE,"Euclidean",1.03329929069289
"Null Synthetic",200,37,200,200,1.18138965316341,0.920398009950249,FALSE,0.87037813639015,0.912,FALSE,0.806989878121656,0.955,FALSE,0.882246484165901,0.746,FALSE,0.989170228461461,0.43,FALSE,0.936206952491644,0.627,FALSE,"WeightedUniFrac",0.989170228461461
"Null Real Shuffled",200,37,200,130,1.28052982166348,0.462686567164179,FALSE,0.795676390957603,0.626,FALSE,0.801225960854581,0.569,FALSE,0.366463892617912,0.76,FALSE,0.568504361815147,0.728,FALSE,0.353892285372423,0.731,FALSE,"BrayCurtis",0.801225960854581
"Null Synthetic",50,38,50,200,1.36417032023777,0.0995024875621891,FALSE,1.16068566336371,0.07,FALSE,0.97965861188369,0.578,FALSE,1.33413325603108,0.042,TRUE,1.15193285366132,0.243,FALSE,1.419889964188,0.024,TRUE,"UnweightedUniFrac",1.419889964188
"Null Real Shuffled",50,38,50,130,1.39317018464272,0.323383084577114,FALSE,1.12596405843095,0.311,FALSE,1.14071511896335,0.312,FALSE,0.0870535194561597,0.911,FALSE,1.17838410036832,0.302,FALSE,0.122282206493665,0.871,FALSE,"WeightedUniFrac",1.17838410036832
"Null Synthetic",100,38,100,200,1.28370476067952,0.527363184079602,FALSE,0.987856262467049,0.514,FALSE,0.931038827994224,0.714,FALSE,1.17589671898865,0.154,FALSE,1.06329754231974,0.352,FALSE,1.17851536126317,0.196,FALSE,"UnweightedUniFrac",1.17851536126317
"Null Real Shuffled",100,38,100,130,0.898172442200967,0.840796019900497,FALSE,0.664082624324082,0.799,FALSE,0.484451874203125,0.909,FALSE,0.154203929213029,0.892,FALSE,0.655254107509218,0.682,FALSE,0.0825319829125895,0.9,FALSE,"Euclidean",0.664082624324082
"Null Synthetic",200,38,200,200,1.54393033735855,0.0497512437810945,TRUE,1.13287915448743,0.087,FALSE,1.14228100128813,0.127,FALSE,1.08719632986865,0.289,FALSE,0.79602659766499,0.808,FALSE,1.11470710809071,0.274,FALSE,"BrayCurtis",1.14228100128813
"Null Real Shuffled",200,38,200,130,1.25950887360172,0.577114427860697,FALSE,0.889713407457136,0.543,FALSE,0.962070474486911,0.464,FALSE,0.824014375691461,0.456,FALSE,0.724602534929572,0.562,FALSE,0.677544889817331,0.499,FALSE,"BrayCurtis",0.962070474486911
"Null Synthetic",50,39,50,200,1.23555771826929,0.462686567164179,FALSE,1.01004427122015,0.471,FALSE,0.985978998517287,0.568,FALSE,0.99595628522462,0.533,FALSE,0.787261467559589,0.785,FALSE,0.802914372894435,0.828,FALSE,"Euclidean",1.01004427122015
"Null Synthetic",200,4,200,200,1.17924469082444,0.920398009950249,FALSE,0.873459309149771,0.885,FALSE,0.941987952135782,0.671,FALSE,0.878638531870667,0.742,FALSE,0.83054473725347,0.734,FALSE,0.841317312251848,0.767,FALSE,"BrayCurtis",0.941987952135782
"Null Real Shuffled",50,39,50,130,1.44503983392473,0.36318407960199,FALSE,1.2835164864516,0.218,FALSE,1.34153735047694,0.222,FALSE,0.582318989088051,0.594,FALSE,2.10680230991878,0.081,FALSE,0.152395971237366,0.826,FALSE,"WeightedUniFrac",2.10680230991878
"Null Synthetic",100,39,100,200,1.57762576226813,0.00995024875621891,TRUE,1.2366421112037,0.015,TRUE,1.16710355831929,0.067,FALSE,1.22955259067073,0.092,FALSE,1.33027310824901,0.091,FALSE,1.2387467108406,0.149,FALSE,"WeightedUniFrac",1.33027310824901
"Null Real Shuffled",100,39,100,130,1.52794338882373,0.298507462686567,FALSE,1.27743694686352,0.192,FALSE,1.0548870456718,0.369,FALSE,1.12276365562602,0.314,FALSE,1.31219999687169,0.225,FALSE,1.2569514377447,0.305,FALSE,"WeightedUniFrac",1.31219999687169
"Null Synthetic",200,39,200,200,1.29989917688155,0.616915422885572,FALSE,0.971282346595609,0.625,FALSE,0.791233498461908,0.97,FALSE,0.966504777220967,0.562,FALSE,0.640124729756621,0.971,FALSE,1.04945051411935,0.392,FALSE,"UnweightedUniFrac",1.04945051411935
"Null Real Shuffled",200,39,200,130,2.90955478147327,0.0149253731343284,TRUE,1.81926468429983,0.05,FALSE,1.60069035110745,0.1,FALSE,1.4598268693406,0.211,FALSE,1.23735597346057,0.267,FALSE,1.88420974894926,0.137,FALSE,"UnweightedUniFrac",1.88420974894926
"Null Synthetic",50,40,50,200,1.38176066943751,0.0646766169154229,FALSE,1.10466839338975,0.157,FALSE,0.999878368547336,0.49,FALSE,1.08224561641932,0.31,FALSE,0.810963076318887,0.824,FALSE,0.988067239844754,0.519,FALSE,"Euclidean",1.10466839338975
"Null Real Shuffled",50,40,50,130,1.17943533183508,0.482587064676617,FALSE,0.779001602092726,0.675,FALSE,0.895016157859737,0.508,FALSE,0.360526294512483,0.797,FALSE,1.03220060177924,0.337,FALSE,0.464411022746456,0.662,FALSE,"WeightedUniFrac",1.03220060177924
"Null Synthetic",100,40,100,200,1.30723481500074,0.412935323383085,FALSE,0.991661110222615,0.522,FALSE,0.943052610833255,0.66,FALSE,1.02651507303287,0.414,FALSE,0.883606133192292,0.672,FALSE,0.940105017056761,0.576,FALSE,"Jaccard",1.02651507303287
"Null Real Shuffled",100,40,100,130,0.931325983358568,0.805970149253731,FALSE,1.02333992219659,0.36,FALSE,1.39110160038913,0.181,FALSE,1.09374052857154,0.318,FALSE,1.45877337060179,0.173,FALSE,1.05852161577894,0.346,FALSE,"WeightedUniFrac",1.45877337060179
"Null Synthetic",200,40,200,200,1.3854037182283,0.333333333333333,FALSE,1.01044146902095,0.428,FALSE,0.942689463511299,0.666,FALSE,0.89211710624257,0.723,FALSE,0.967388730565731,0.463,FALSE,0.718808310319604,0.912,FALSE,"Euclidean",1.01044146902095
"Null Real Shuffled",200,4,200,130,1.06704347681068,0.701492537313433,FALSE,0.708499211056513,0.744,FALSE,0.721172417874164,0.681,FALSE,0.145340583199041,0.912,FALSE,0.632816805828554,0.639,FALSE,0.0577785506674737,0.929,FALSE,"BrayCurtis",0.721172417874164
"Null Real Shuffled",200,40,200,130,0.982987181103524,0.751243781094527,FALSE,0.676192078185288,0.792,FALSE,0.923543728134194,0.485,FALSE,0.380700484862624,0.732,FALSE,0.414770063594044,0.848,FALSE,0.283669451051507,0.8,FALSE,"BrayCurtis",0.923543728134194
"Null Synthetic",50,41,50,200,1.07074242268605,0.91044776119403,FALSE,0.867284658082997,0.917,FALSE,0.919125147590853,0.744,FALSE,0.638523943401779,0.983,FALSE,1.00649448293322,0.453,FALSE,0.624105527845071,0.965,FALSE,"WeightedUniFrac",1.00649448293322
"Null Real Shuffled",50,41,50,130,1.31515456973683,0.338308457711443,FALSE,1.0890859609727,0.326,FALSE,1.45021363804571,0.181,FALSE,2.29592989717711,0.097,FALSE,2.42093116090578,0.053,FALSE,2.84344264441076,0.059,FALSE,"UnweightedUniFrac",2.84344264441076
"Null Synthetic",100,41,100,200,1.35591005403285,0.328358208955224,FALSE,1.07419303334952,0.226,FALSE,1.00484277722458,0.464,FALSE,1.1527169542029,0.2,FALSE,1.25326242059522,0.121,FALSE,1.14742641190295,0.26,FALSE,"WeightedUniFrac",1.25326242059522
"Null Real Shuffled",100,41,100,130,1.51204739250316,0.258706467661692,FALSE,1.1653770032218,0.258,FALSE,1.31543017996875,0.231,FALSE,0.755956841215912,0.541,FALSE,0.691329082699989,0.601,FALSE,0.697984196880645,0.542,FALSE,"BrayCurtis",1.31543017996875
"Null Synthetic",200,41,200,200,1.12938924174237,0.970149253731343,FALSE,0.881207393659807,0.881,FALSE,0.907709788641274,0.797,FALSE,0.726431850366304,0.947,FALSE,0.810274184241119,0.751,FALSE,0.684789669153588,0.936,FALSE,"BrayCurtis",0.907709788641274
"Null Real Shuffled",200,41,200,130,1.68166238693192,0.26865671641791,FALSE,0.845733932237837,0.567,FALSE,1.0623836231677,0.366,FALSE,0.483974198828523,0.664,FALSE,0.924124250298251,0.412,FALSE,0.312828442326835,0.77,FALSE,"BrayCurtis",1.0623836231677
"Null Synthetic",50,42,50,200,1.06731065338251,0.920398009950249,FALSE,0.867493585671075,0.921,FALSE,0.888537453336026,0.858,FALSE,1.06355426792555,0.364,FALSE,0.634001080003377,0.985,FALSE,1.1259463482264,0.254,FALSE,"UnweightedUniFrac",1.1259463482264
"Null Real Shuffled",50,42,50,130,1.25995724039842,0.502487562189055,FALSE,0.937244463294846,0.487,FALSE,0.892543219247708,0.51,FALSE,0.190089277092688,0.87,FALSE,0.808802937866154,0.488,FALSE,0.0996461267670237,0.894,FALSE,"Euclidean",0.937244463294846
"Null Synthetic",100,42,100,200,1.2616757857213,0.532338308457711,FALSE,0.94946888073681,0.673,FALSE,0.973009001614286,0.58,FALSE,0.971189577384916,0.572,FALSE,1.03848337174622,0.37,FALSE,0.976837622986615,0.53,FALSE,"WeightedUniFrac",1.03848337174622
"Null Synthetic",50,5,50,200,1.34999234714281,0.119402985074627,FALSE,1.09269861790045,0.162,FALSE,0.983410221084893,0.533,FALSE,1.10985595561709,0.269,FALSE,0.964837494402341,0.5,FALSE,1.1472781628413,0.224,FALSE,"UnweightedUniFrac",1.1472781628413
"Null Real Shuffled",100,42,100,130,1.46771303610912,0.313432835820896,FALSE,0.870348039882329,0.556,FALSE,1.22617225822831,0.263,FALSE,0.320479350432946,0.766,FALSE,0.779655677287469,0.514,FALSE,0.411189503732195,0.681,FALSE,"BrayCurtis",1.22617225822831
"Null Synthetic",200,42,200,200,1.40123942587264,0.333333333333333,FALSE,1.0165646643325,0.433,FALSE,1.02770231874133,0.42,FALSE,0.844925938723742,0.816,FALSE,0.778577618357623,0.847,FALSE,0.64719861936653,0.969,FALSE,"BrayCurtis",1.02770231874133
"Null Real Shuffled",200,42,200,130,1.19362476085552,0.577114427860697,FALSE,0.840553290019787,0.601,FALSE,0.832846405718516,0.544,FALSE,0.307865027190743,0.797,FALSE,0.676992247186659,0.662,FALSE,0.262898922696741,0.785,FALSE,"Euclidean",0.840553290019787
"Null Synthetic",50,43,50,200,1.03294154834117,0.940298507462687,FALSE,0.785954818624271,0.983,FALSE,0.82152511572517,0.939,FALSE,0.891228853485502,0.718,FALSE,0.82964354475415,0.754,FALSE,0.907270102478229,0.642,FALSE,"UnweightedUniFrac",0.907270102478229
"Null Real Shuffled",50,43,50,130,0.825372031992988,0.875621890547264,FALSE,0.685048109226492,0.786,FALSE,0.92338106704279,0.477,FALSE,0.396666378974869,0.743,FALSE,0.806381709882028,0.522,FALSE,0.261550631062175,0.774,FALSE,"BrayCurtis",0.92338106704279
"Null Synthetic",100,43,100,200,1.25331763678781,0.656716417910448,FALSE,0.976725389900058,0.616,FALSE,0.827446329318494,0.923,FALSE,1.06419331195775,0.324,FALSE,0.68390086106235,0.955,FALSE,0.997476947683567,0.479,FALSE,"Jaccard",1.06419331195775
"Null Real Shuffled",100,43,100,130,1.42986096462321,0.298507462686567,FALSE,0.946166647168309,0.439,FALSE,0.790679426273152,0.611,FALSE,1.18830307521772,0.308,FALSE,0.653889750948216,0.665,FALSE,1.16938916708157,0.332,FALSE,"Jaccard",1.18830307521772
"Null Synthetic",200,43,200,200,1.36932499057199,0.388059701492537,FALSE,1.01478151779451,0.426,FALSE,1.03544701617086,0.357,FALSE,0.972766530718653,0.542,FALSE,1.05188664965478,0.348,FALSE,0.818104925307891,0.789,FALSE,"WeightedUniFrac",1.05188664965478
"Null Real Shuffled",200,43,200,130,2.02879338133416,0.104477611940299,FALSE,1.58594874660549,0.087,FALSE,1.56992985847613,0.12,FALSE,3.09804499930208,0.037,TRUE,1.33136664218746,0.243,FALSE,2.63749340669365,0.056,FALSE,"Jaccard",3.09804499930208
"Null Synthetic",50,44,50,200,1.06188296643516,0.925373134328358,FALSE,0.875357085189952,0.886,FALSE,0.954298390414461,0.628,FALSE,0.527548392394424,1,FALSE,1.03707896977253,0.382,FALSE,0.565771162440686,0.99,FALSE,"WeightedUniFrac",1.03707896977253
"Null Real Shuffled",50,5,50,130,0.953313103898737,0.761194029850746,FALSE,0.593712693416862,0.902,FALSE,0.429675741012471,0.932,FALSE,1.67488291427259,0.178,FALSE,0.540130527552973,0.739,FALSE,2.2931687248534,0.087,FALSE,"UnweightedUniFrac",2.2931687248534
"Null Real Shuffled",50,44,50,130,1.85017374917798,0.124378109452736,FALSE,1.24924826440461,0.206,FALSE,1.13477477995198,0.327,FALSE,1.35902454234856,0.237,FALSE,0.786099527589077,0.565,FALSE,1.00911914308597,0.401,FALSE,"Jaccard",1.35902454234856
"Null Synthetic",100,44,100,200,1.32505797277745,0.447761194029851,FALSE,1.0202495358789,0.404,FALSE,0.958177983347191,0.628,FALSE,1.29973187555979,0.053,FALSE,1.24165681159579,0.158,FALSE,1.34719708887054,0.066,FALSE,"UnweightedUniFrac",1.34719708887054
"Null Real Shuffled",100,44,100,130,1.08456976213864,0.646766169154229,FALSE,0.731214917831801,0.689,FALSE,1.17583083479777,0.302,FALSE,0.368680051295872,0.743,FALSE,0.99493313004136,0.405,FALSE,0.713865213941311,0.501,FALSE,"BrayCurtis",1.17583083479777
"Null Synthetic",200,44,200,200,1.26009166612019,0.721393034825871,FALSE,0.902615104844669,0.835,FALSE,0.88744360629474,0.852,FALSE,0.860507120799892,0.785,FALSE,0.928707040295758,0.582,FALSE,0.867796878447751,0.723,FALSE,"WeightedUniFrac",0.928707040295758
"Null Real Shuffled",200,44,200,130,1.32740624451995,0.447761194029851,FALSE,0.889465472381078,0.539,FALSE,0.806696008455489,0.582,FALSE,0.845477362137014,0.471,FALSE,1.01355298830146,0.387,FALSE,0.312376629659437,0.79,FALSE,"WeightedUniFrac",1.01355298830146
"Null Synthetic",50,45,50,200,1.29442893864192,0.263681592039801,FALSE,1.06798120140734,0.253,FALSE,1.14201991485831,0.119,FALSE,0.87652881390162,0.748,FALSE,0.949215069313722,0.539,FALSE,0.866475459594457,0.732,FALSE,"BrayCurtis",1.14201991485831
"Null Real Shuffled",50,45,50,130,1.19649856530995,0.567164179104478,FALSE,0.803037362929733,0.673,FALSE,1.13693215433653,0.307,FALSE,0.372000615116619,0.767,FALSE,1.29380241771712,0.23,FALSE,0.181822821441435,0.853,FALSE,"WeightedUniFrac",1.29380241771712
"Null Synthetic",100,45,100,200,1.18210423898471,0.850746268656716,FALSE,0.888824293441773,0.882,FALSE,0.992614110813869,0.498,FALSE,0.958328395867838,0.593,FALSE,1.16166132779433,0.206,FALSE,0.830379349168652,0.802,FALSE,"WeightedUniFrac",1.16166132779433
"Null Real Shuffled",100,45,100,130,1.06632704458554,0.686567164179104,FALSE,0.777383271986248,0.665,FALSE,0.739457037172442,0.595,FALSE,0.241449556138628,0.848,FALSE,0.953093370478121,0.386,FALSE,0.398594246311229,0.677,FALSE,"WeightedUniFrac",0.953093370478121
"Null Synthetic",200,45,200,200,1.40894567316134,0.338308457711443,FALSE,1.03410807487406,0.353,FALSE,0.933857311909936,0.731,FALSE,1.18076422982729,0.132,FALSE,0.812717549805579,0.776,FALSE,1.21652957472946,0.142,FALSE,"UnweightedUniFrac",1.21652957472946
"Null Synthetic",100,5,100,200,1.32812413872604,0.358208955223881,FALSE,1.01313037118987,0.449,FALSE,0.963304951829933,0.595,FALSE,1.1800165909747,0.141,FALSE,1.1845881386249,0.169,FALSE,1.04436745059806,0.41,FALSE,"WeightedUniFrac",1.1845881386249
"Null Real Shuffled",200,45,200,130,1.09139593881795,0.741293532338308,FALSE,0.838708226570456,0.593,FALSE,0.524108639780666,0.873,FALSE,0.724311254545828,0.53,FALSE,0.344793524964766,0.924,FALSE,1.26023778469658,0.25,FALSE,"UnweightedUniFrac",1.26023778469658
"Null Synthetic",50,46,50,200,1.00513169781119,0.980099502487562,FALSE,0.796900578761243,0.98,FALSE,0.771725809120844,0.982,FALSE,0.968096467206219,0.566,FALSE,0.65160312047598,0.967,FALSE,1.10655212268608,0.285,FALSE,"UnweightedUniFrac",1.10655212268608
"Null Real Shuffled",50,46,50,130,1.18006156020454,0.527363184079602,FALSE,0.927773584642016,0.464,FALSE,0.934208856160288,0.462,FALSE,0.948603090650807,0.372,FALSE,0.911711308275441,0.45,FALSE,1.33651756250272,0.264,FALSE,"UnweightedUniFrac",1.33651756250272
"Null Synthetic",100,46,100,200,1.21719611804066,0.751243781094527,FALSE,0.919734349913191,0.781,FALSE,0.9042963698846,0.785,FALSE,0.916432453043665,0.654,FALSE,1.00216557993536,0.436,FALSE,0.824449276053125,0.785,FALSE,"WeightedUniFrac",1.00216557993536
"Null Real Shuffled",100,46,100,130,1.14008304507271,0.616915422885572,FALSE,0.620839870543334,0.84,FALSE,1.0871031772275,0.368,FALSE,2.26701693119637,0.089,FALSE,0.64678752306206,0.607,FALSE,2.64492397882056,0.068,FALSE,"UnweightedUniFrac",2.64492397882056
"Null Synthetic",200,46,200,200,1.15803931846876,0.960199004975124,FALSE,0.861353222487775,0.93,FALSE,0.939021828687728,0.68,FALSE,0.793562390243323,0.871,FALSE,1.24832600467987,0.144,FALSE,0.83338022607329,0.776,FALSE,"WeightedUniFrac",1.24832600467987
"Null Real Shuffled",200,46,200,130,1.28097366857927,0.487562189054726,FALSE,1.12720419059472,0.283,FALSE,0.572873757762032,0.83,FALSE,-0.473256006781024,0.999,FALSE,0.436052763357462,0.857,FALSE,-0.560002220130211,1,FALSE,"Euclidean",1.12720419059472
"Null Synthetic",50,47,50,200,1.19870246612029,0.587064676616915,FALSE,0.989061602892888,0.5,FALSE,0.994157893161731,0.48,FALSE,0.872101901197007,0.761,FALSE,0.685501847940225,0.953,FALSE,0.956944280686087,0.537,FALSE,"BrayCurtis",0.994157893161731
"Null Real Shuffled",50,47,50,130,1.11642273966381,0.54228855721393,FALSE,0.943521639825774,0.449,FALSE,1.13414438345836,0.326,FALSE,1.97397617519609,0.125,FALSE,1.37745364436856,0.229,FALSE,1.57560712685365,0.189,FALSE,"Jaccard",1.97397617519609
"Null Synthetic",100,47,100,200,1.27012766445078,0.522388059701492,FALSE,0.993103441128667,0.522,FALSE,0.961119252351316,0.62,FALSE,1.09886728248954,0.286,FALSE,1.02466605523166,0.377,FALSE,0.997373496376226,0.506,FALSE,"Jaccard",1.09886728248954
"Null Real Shuffled",100,5,100,130,3.20650743183278,0.00497512437810945,TRUE,2.7865461821644,0.007,TRUE,3.86325419045783,0.003,TRUE,0.232511479478919,0.827,FALSE,6.12159080129142,0.002,TRUE,-0.0132179683985095,0.927,FALSE,"WeightedUniFrac",6.12159080129142
"Null Real Shuffled",100,47,100,130,0.875288638324013,0.840796019900497,FALSE,0.550038502023711,0.925,FALSE,0.622552324301607,0.794,FALSE,1.37359770506326,0.232,FALSE,0.435289162559498,0.829,FALSE,1.13337069072094,0.331,FALSE,"Jaccard",1.37359770506326
"Null Synthetic",200,47,200,200,1.43510857321956,0.248756218905473,FALSE,1.05795290957489,0.294,FALSE,0.919423091290163,0.747,FALSE,1.37721950966925,0.024,TRUE,1.07746653138869,0.284,FALSE,1.43696290136138,0.024,TRUE,"UnweightedUniFrac",1.43696290136138
"Null Real Shuffled",200,47,200,130,2.56052699548709,0.0597014925373134,FALSE,1.99493689092567,0.035,TRUE,2.15975634477101,0.031,TRUE,1.64036031691896,0.168,FALSE,1.96201095313406,0.084,FALSE,1.47719095244946,0.234,FALSE,"BrayCurtis",2.15975634477101
"Null Synthetic",50,48,50,200,1.06281062934241,0.920398009950249,FALSE,0.903732711488431,0.82,FALSE,0.903736963126074,0.804,FALSE,0.821046870366738,0.851,FALSE,0.69767825472815,0.908,FALSE,0.947529037242293,0.574,FALSE,"UnweightedUniFrac",0.947529037242293
"Null Real Shuffled",50,48,50,130,1.768139407361,0.134328358208955,FALSE,1.13895552347294,0.264,FALSE,1.28685183429187,0.213,FALSE,0.254617003728786,0.844,FALSE,0.511240030299818,0.825,FALSE,0.17039127859477,0.864,FALSE,"BrayCurtis",1.28685183429187
"Null Synthetic",100,48,100,200,1.16159981931179,0.91044776119403,FALSE,0.88800263221933,0.876,FALSE,0.868881979895936,0.868,FALSE,1.04219673120495,0.389,FALSE,0.958427985833297,0.527,FALSE,1.24355983813211,0.126,FALSE,"UnweightedUniFrac",1.24355983813211
"Null Real Shuffled",100,48,100,130,0.836066204457321,0.900497512437811,FALSE,0.54303718260953,0.951,FALSE,0.487890971049407,0.888,FALSE,0.726303105693361,0.521,FALSE,0.175053087846024,0.991,FALSE,0.758981046201166,0.445,FALSE,"UnweightedUniFrac",0.758981046201166
"Null Synthetic",200,48,200,200,1.41557047592626,0.288557213930348,FALSE,1.02619683068062,0.399,FALSE,1.08231396293326,0.257,FALSE,1.24446125289455,0.072,FALSE,0.816833155116716,0.79,FALSE,1.49342504200821,0.015,TRUE,"UnweightedUniFrac",1.49342504200821
"Null Real Shuffled",200,48,200,130,2.00638747322097,0.139303482587065,FALSE,1.12866380557598,0.298,FALSE,1.20244946482194,0.257,FALSE,1.43888869488827,0.187,FALSE,0.522164166583627,0.772,FALSE,1.52095743448027,0.188,FALSE,"UnweightedUniFrac",1.52095743448027
"Null Synthetic",50,49,50,200,1.19472801842611,0.567164179104478,FALSE,1.00748610725067,0.461,FALSE,0.998800645167284,0.483,FALSE,1.27957738568846,0.099,FALSE,1.12500450195916,0.286,FALSE,1.2081783002028,0.179,FALSE,"Jaccard",1.27957738568846
"Null Synthetic",200,5,200,200,1.39102502121236,0.402985074626866,FALSE,1.03216633405528,0.391,FALSE,0.96886681459784,0.609,FALSE,1.21584734694516,0.104,FALSE,0.894462671780191,0.637,FALSE,1.21231612673253,0.162,FALSE,"Jaccard",1.21584734694516
"Null Real Shuffled",50,49,50,130,1.37085157217468,0.323383084577114,FALSE,1.23871001374197,0.23,FALSE,1.19160859113947,0.311,FALSE,0.948125988518636,0.417,FALSE,1.60104176463062,0.151,FALSE,0.726025778877693,0.524,FALSE,"WeightedUniFrac",1.60104176463062
"Null Synthetic",100,49,100,200,1.21808373755493,0.681592039800995,FALSE,0.910596587557235,0.814,FALSE,0.875010016189955,0.873,FALSE,0.649900755158372,0.975,FALSE,1.06686825396461,0.322,FALSE,0.766580417185302,0.875,FALSE,"WeightedUniFrac",1.06686825396461
"Null Real Shuffled",100,49,100,130,3.2804612922218,0.00497512437810945,TRUE,2.24783943522432,0.01,TRUE,1.35737973442118,0.193,FALSE,0.831261638278714,0.464,FALSE,1.21902541560302,0.266,FALSE,0.409586067205795,0.686,FALSE,"Euclidean",2.24783943522432
"Null Synthetic",200,49,200,200,1.19865030727267,0.82089552238806,FALSE,0.868801451609968,0.923,FALSE,0.907951486710608,0.776,FALSE,0.796921425002917,0.888,FALSE,0.876691356368137,0.667,FALSE,0.807028160006544,0.818,FALSE,"BrayCurtis",0.907951486710608
"Null Real Shuffled",200,49,200,130,1.1151598039947,0.63681592039801,FALSE,0.931916443508266,0.477,FALSE,1.02783265228612,0.418,FALSE,0.755872821680521,0.502,FALSE,0.676068112881324,0.654,FALSE,0.520869064891287,0.588,FALSE,"BrayCurtis",1.02783265228612
"Null Synthetic",50,50,50,200,1.29367918442241,0.278606965174129,FALSE,1.10182526366823,0.173,FALSE,1.02508919761979,0.39,FALSE,1.0242401118406,0.407,FALSE,1.06194199311326,0.346,FALSE,0.716123163625834,0.94,FALSE,"Euclidean",1.10182526366823
"Null Real Shuffled",50,50,50,130,1.23076555605562,0.472636815920398,FALSE,0.916385249817203,0.494,FALSE,0.740000893707388,0.658,FALSE,2.62227446130059,0.052,FALSE,0.843298921452979,0.486,FALSE,2.8963540559358,0.04,TRUE,"UnweightedUniFrac",2.8963540559358
"Null Synthetic",100,50,100,200,1.15502586686584,0.855721393034826,FALSE,0.875286857932947,0.882,FALSE,0.840662374282088,0.916,FALSE,1.02123304250095,0.446,FALSE,0.73716935039114,0.897,FALSE,1.11264709581325,0.299,FALSE,"UnweightedUniFrac",1.11264709581325
"Null Real Shuffled",100,50,100,130,1.4400012012481,0.393034825870647,FALSE,1.08219136914272,0.295,FALSE,1.04547108733632,0.389,FALSE,0.357588747256759,0.762,FALSE,1.19117245603921,0.289,FALSE,0.418126528695651,0.707,FALSE,"WeightedUniFrac",1.19117245603921
"Null Synthetic",200,50,200,200,1.35560989088663,0.45771144278607,FALSE,1.00398454667137,0.453,FALSE,0.91574966212666,0.783,FALSE,0.959739374200813,0.572,FALSE,0.887397933554574,0.681,FALSE,1.15891835274423,0.21,FALSE,"UnweightedUniFrac",1.15891835274423
"Null Synthetic",100,1,100,200,1.38759945412141,0.248756218905473,FALSE,1.11324241689979,0.13,FALSE,1.1068668558146,0.157,FALSE,1.09930644255786,0.285,FALSE,1.18633898209192,0.172,FALSE,1.22692596658006,0.144,FALSE,"UnweightedUniFrac",1.22692596658006
"Null Real Shuffled",200,5,200,130,4.41615781478773,0.00497512437810945,TRUE,4.01443233298148,0.001,TRUE,5.11544613694387,0.001,TRUE,2.19366198285031,0.096,FALSE,5.10623102489533,0.001,TRUE,2.1997763551834,0.121,FALSE,"BrayCurtis",5.11544613694387
"Null Real Shuffled",200,50,200,130,0.940257358545902,0.855721393034826,FALSE,0.611443703619287,0.867,FALSE,0.496551222367182,0.889,FALSE,1.10413656466912,0.335,FALSE,0.160617124563401,0.99,FALSE,0.485090171782667,0.68,FALSE,"Jaccard",1.10413656466912
"Null Synthetic",50,6,50,200,1.16233318799117,0.676616915422886,FALSE,0.908300063034954,0.816,FALSE,1.01031089513914,0.439,FALSE,0.787404158506448,0.89,FALSE,0.698944779863639,0.925,FALSE,0.781683695579033,0.873,FALSE,"BrayCurtis",1.01031089513914
"Null Real Shuffled",50,6,50,130,1.27824339507742,0.45273631840796,FALSE,1.4100809404369,0.122,FALSE,0.977207008094555,0.437,FALSE,0.753138042754768,0.522,FALSE,1.33533357602494,0.221,FALSE,0.940752278487531,0.406,FALSE,"Euclidean",1.4100809404369
"Null Synthetic",100,6,100,200,1.32764557789559,0.378109452736318,FALSE,0.985190255772215,0.502,FALSE,0.879728521492657,0.857,FALSE,1.00801017958919,0.478,FALSE,1.32146653049062,0.098,FALSE,0.939208388964466,0.613,FALSE,"WeightedUniFrac",1.32146653049062
"Null Real Shuffled",100,6,100,130,1.44131835747136,0.378109452736318,FALSE,1.16969284633688,0.245,FALSE,1.18343959004198,0.289,FALSE,0.758134562240229,0.549,FALSE,1.38272476886853,0.221,FALSE,1.21674896028055,0.302,FALSE,"WeightedUniFrac",1.38272476886853
"Null Synthetic",200,6,200,200,1.49191929664563,0.144278606965174,FALSE,1.09957906829726,0.167,FALSE,1.27251969066682,0.007,TRUE,0.977506911580332,0.538,FALSE,1.17115608055343,0.173,FALSE,1.01640810611146,0.45,FALSE,"BrayCurtis",1.27251969066682
"Null Real Shuffled",200,6,200,130,1.56170617385898,0.303482587064677,FALSE,0.98336741601268,0.413,FALSE,0.715030506331482,0.68,FALSE,1.97822450824664,0.124,FALSE,0.393763424910021,0.889,FALSE,2.12044117278939,0.106,FALSE,"UnweightedUniFrac",2.12044117278939
"Null Synthetic",50,7,50,200,1.29230125831617,0.293532338308458,FALSE,1.0939673842201,0.158,FALSE,1.10327846169302,0.197,FALSE,1.17109767068199,0.147,FALSE,1.37425404225068,0.061,FALSE,1.356775853825,0.04,TRUE,"WeightedUniFrac",1.37425404225068
"Null Real Shuffled",50,7,50,130,0.855274011851908,0.890547263681592,FALSE,0.878526454128096,0.562,FALSE,1.12835945323418,0.328,FALSE,1.45240791829487,0.238,FALSE,1.50409553820814,0.198,FALSE,1.22732180359383,0.301,FALSE,"WeightedUniFrac",1.50409553820814
"Null Synthetic",100,7,100,200,1.52641000739895,0.0447761194029851,TRUE,1.19060536741273,0.049,TRUE,1.10388091079242,0.201,FALSE,1.31080668496781,0.046,TRUE,0.801525934025669,0.82,FALSE,1.34673106099577,0.049,TRUE,"UnweightedUniFrac",1.34673106099577
"Null Real Shuffled",100,1,100,130,1.79214919405405,0.189054726368159,FALSE,1.52546546398147,0.104,FALSE,2.1509258846755,0.025,TRUE,1.70331496467061,0.152,FALSE,2.16494949685513,0.056,FALSE,1.69098426802817,0.193,FALSE,"WeightedUniFrac",2.16494949685513
"Null Real Shuffled",100,7,100,130,0.740564499420869,0.925373134328358,FALSE,0.568643302143703,0.936,FALSE,0.569082541453055,0.828,FALSE,1.49354498622652,0.207,FALSE,0.410209622288065,0.876,FALSE,1.44708061912324,0.207,FALSE,"Jaccard",1.49354498622652
"Null Synthetic",200,7,200,200,1.33324356595843,0.562189054726368,FALSE,0.998800397921283,0.502,FALSE,0.979684361589638,0.56,FALSE,0.777336514300466,0.908,FALSE,1.27274850161074,0.125,FALSE,0.695809950482816,0.931,FALSE,"WeightedUniFrac",1.27274850161074
"Null Real Shuffled",200,7,200,130,1.66432417704774,0.203980099502488,FALSE,1.36921906641681,0.16,FALSE,1.03596327812888,0.355,FALSE,0.636881312681096,0.572,FALSE,1.40259679438539,0.18,FALSE,0.465998110942899,0.678,FALSE,"WeightedUniFrac",1.40259679438539
"Null Synthetic",50,8,50,200,1.36643146332652,0.109452736318408,FALSE,1.11059547041713,0.127,FALSE,1.00111344058525,0.452,FALSE,1.30789233287491,0.045,TRUE,0.949196360196023,0.506,FALSE,1.27353280228696,0.098,FALSE,"Jaccard",1.30789233287491
"Null Real Shuffled",50,8,50,130,0.723769687285518,0.965174129353234,FALSE,0.567884802586003,0.921,FALSE,0.503229286389588,0.878,FALSE,0.497023281083871,0.678,FALSE,0.445232288151696,0.795,FALSE,0.293363558821107,0.84,FALSE,"Euclidean",0.567884802586003
"Null Synthetic",100,8,100,200,1.24675825562396,0.641791044776119,FALSE,0.948572504178549,0.71,FALSE,0.986389578928244,0.538,FALSE,0.682568621025802,0.973,FALSE,1.2960692840803,0.092,FALSE,0.874900491513015,0.714,FALSE,"WeightedUniFrac",1.2960692840803
"Null Real Shuffled",100,8,100,130,1.44519506988166,0.353233830845771,FALSE,1.09997039231484,0.325,FALSE,1.06413912320296,0.375,FALSE,1.22003903538449,0.264,FALSE,1.94940587431602,0.096,FALSE,1.26445079390419,0.286,FALSE,"WeightedUniFrac",1.94940587431602
"Null Synthetic",200,8,200,200,1.44289178678248,0.248756218905473,FALSE,1.09342231095902,0.182,FALSE,1.08329752045221,0.239,FALSE,1.03348443620787,0.393,FALSE,1.10932832958371,0.271,FALSE,1.26510687037047,0.117,FALSE,"UnweightedUniFrac",1.26510687037047
"Null Real Shuffled",200,8,200,130,1.15607254806158,0.601990049751244,FALSE,1.04999942562545,0.347,FALSE,1.08610316616046,0.357,FALSE,0.732901999866259,0.517,FALSE,0.98225136753493,0.399,FALSE,0.706878800847103,0.522,FALSE,"BrayCurtis",1.08610316616046
"Null Synthetic",50,9,50,200,1.37566779018701,0.114427860696517,FALSE,1.19243296098492,0.044,TRUE,1.20076864910886,0.049,TRUE,1.0763330360857,0.341,FALSE,1.6293658324012,0.018,TRUE,0.940824492774533,0.606,FALSE,"WeightedUniFrac",1.6293658324012
"Null Synthetic",200,1,200,200,1.47451404486646,0.218905472636816,FALSE,1.11095389080669,0.152,FALSE,0.995658264383011,0.505,FALSE,1.31114385823892,0.053,FALSE,0.883243695370278,0.663,FALSE,1.30667673952814,0.059,FALSE,"Jaccard",1.31114385823892
"Null Real Shuffled",50,9,50,130,1.08692360965998,0.63681592039801,FALSE,0.66596952709156,0.788,FALSE,0.613349755890233,0.806,FALSE,0.73772569190091,0.516,FALSE,0.357570663025787,0.918,FALSE,0.775785027376349,0.489,FALSE,"UnweightedUniFrac",0.775785027376349
"Null Synthetic",100,9,100,200,1.18187083252275,0.805970149253731,FALSE,0.927820816612153,0.771,FALSE,1.03429777240367,0.382,FALSE,0.584177395563171,0.995,FALSE,1.04813771128217,0.351,FALSE,0.608346502810977,0.972,FALSE,"WeightedUniFrac",1.04813771128217
"Null Real Shuffled",100,9,100,130,0.617513857845357,0.995024875621891,FALSE,0.438144658549511,0.989,FALSE,0.294741180865178,0.99,FALSE,0.44598462817097,0.725,FALSE,0.197721782456871,0.984,FALSE,0.733580189733325,0.532,FALSE,"UnweightedUniFrac",0.733580189733325
"Null Synthetic",200,9,200,200,1.25100288482435,0.771144278606965,FALSE,0.938439497190997,0.726,FALSE,0.924646816444951,0.746,FALSE,0.939025583536193,0.632,FALSE,0.77660059530996,0.829,FALSE,1.08741404100791,0.344,FALSE,"UnweightedUniFrac",1.08741404100791
"Null Real Shuffled",200,9,200,130,1.58179150587233,0.283582089552239,FALSE,1.14136617964187,0.296,FALSE,0.466442331021144,0.913,FALSE,0.622732494155512,0.581,FALSE,0.609692365769424,0.698,FALSE,0.0198267054096728,0.92,FALSE,"Euclidean",1.14136617964187
"Null Synthetic",50,10,50,200,1.00445108719281,1,FALSE,0.821720140821571,0.972,FALSE,0.895164666964514,0.815,FALSE,0.830332702909456,0.832,FALSE,0.851672151303941,0.69,FALSE,0.719828424188324,0.922,FALSE,"BrayCurtis",0.895164666964514
"Null Real Shuffled",50,10,50,130,3.22297085494712,0.00497512437810945,TRUE,3.47279090846538,0.002,TRUE,3.04996378239651,0.003,TRUE,2.39927439232771,0.073,FALSE,3.47684880166309,0.005,TRUE,2.43327250874919,0.07,FALSE,"WeightedUniFrac",3.47684880166309
"Null Synthetic",100,10,100,200,1.26928237839597,0.527363184079602,FALSE,0.977703666329297,0.589,FALSE,0.922368694517288,0.761,FALSE,0.913594409093012,0.697,FALSE,1.09156068548685,0.298,FALSE,0.907771463352736,0.647,FALSE,"WeightedUniFrac",1.09156068548685
"Null Real Shuffled",100,10,100,130,1.1617441138224,0.572139303482587,FALSE,0.855318506232397,0.567,FALSE,1.26570191560618,0.22,FALSE,0.604773955617679,0.601,FALSE,2.00857028574672,0.059,FALSE,0.771655892875152,0.507,FALSE,"WeightedUniFrac",2.00857028574672
"Null Synthetic",200,10,200,200,1.38275751108105,0.36318407960199,FALSE,1.04680756128298,0.324,FALSE,1.15813022791824,0.097,FALSE,0.873704943256655,0.76,FALSE,0.836584994193422,0.77,FALSE,0.738987975692448,0.902,FALSE,"BrayCurtis",1.15813022791824
"Null Real Shuffled",200,1,200,130,1.00223680897284,0.771144278606965,FALSE,0.636573742158962,0.845,FALSE,0.475401086256015,0.899,FALSE,1.76566535052468,0.152,FALSE,0.571169827963877,0.719,FALSE,1.54859095338631,0.209,FALSE,"Jaccard",1.76566535052468
"Null Real Shuffled",200,10,200,130,1.11034997194474,0.72636815920398,FALSE,0.673849719283528,0.8,FALSE,0.494554603045226,0.878,FALSE,0.307434464962356,0.811,FALSE,0.549211019671955,0.748,FALSE,0.0691899565731908,0.897,FALSE,"Euclidean",0.673849719283528
"Null Synthetic",50,11,50,200,1.1311742623889,0.800995024875622,FALSE,0.894503760476017,0.835,FALSE,0.895872294984896,0.804,FALSE,1.18532709436165,0.155,FALSE,1.01763859446901,0.423,FALSE,1.26688408200002,0.12,FALSE,"UnweightedUniFrac",1.26688408200002
"Null Real Shuffled",50,11,50,130,0.943372020991241,0.81592039800995,FALSE,0.729024539295781,0.727,FALSE,0.576634796861412,0.816,FALSE,0.451035736452857,0.695,FALSE,0.46634487288998,0.85,FALSE,0.516514513782133,0.609,FALSE,"Euclidean",0.729024539295781
"Null Synthetic",100,11,100,200,1.38251252125879,0.228855721393035,FALSE,1.11966460682884,0.121,FALSE,1.09769775255088,0.211,FALSE,1.3577194465205,0.021,TRUE,1.09162844510184,0.303,FALSE,1.31787175841471,0.07,FALSE,"Jaccard",1.3577194465205
"Null Real Shuffled",100,11,100,130,2.53777187916276,0.0398009950248756,TRUE,1.59488629640748,0.086,FALSE,0.98645376397006,0.422,FALSE,1.73634829870578,0.151,FALSE,1.26628627732502,0.252,FALSE,1.4649751124746,0.239,FALSE,"Jaccard",1.73634829870578
"Null Synthetic",200,11,200,200,1.34880100404696,0.462686567164179,FALSE,1.00808395584312,0.432,FALSE,1.01547245149795,0.446,FALSE,1.08096905908376,0.321,FALSE,0.653334061156384,0.972,FALSE,0.92120686986312,0.66,FALSE,"Jaccard",1.08096905908376
"Null Real Shuffled",200,11,200,130,0.976872278531838,0.796019900497512,FALSE,0.745896446912025,0.704,FALSE,1.2967685307679,0.215,FALSE,0.130480737425802,0.915,FALSE,1.28497409993516,0.282,FALSE,0.527965398199816,0.621,FALSE,"BrayCurtis",1.2967685307679
"Null Synthetic",50,12,50,200,1.11889400051501,0.82089552238806,FALSE,0.895126596546641,0.834,FALSE,0.90688892260263,0.781,FALSE,0.75726925958339,0.898,FALSE,0.591031355948716,0.983,FALSE,0.830560817271704,0.811,FALSE,"BrayCurtis",0.90688892260263
"Null Real Shuffled",50,12,50,130,1.60443200630418,0.258706467661692,FALSE,1.25858455161146,0.21,FALSE,1.40951317112986,0.177,FALSE,0.655784087264801,0.55,FALSE,1.89347006800572,0.117,FALSE,0.913568573886253,0.399,FALSE,"WeightedUniFrac",1.89347006800572
"Null Synthetic",100,12,100,200,1.33979793495962,0.323383084577114,FALSE,1.02449192114588,0.393,FALSE,1.03069929459436,0.397,FALSE,0.918729117150786,0.681,FALSE,0.749130077216391,0.87,FALSE,0.947503546882626,0.587,FALSE,"BrayCurtis",1.03069929459436
"Null Synthetic",50,2,50,200,1.39988822587293,0.0796019900497512,FALSE,1.16930867541929,0.057,FALSE,1.07966456796788,0.246,FALSE,1.34165480489168,0.049,TRUE,0.92473246481694,0.535,FALSE,1.22201135724798,0.185,FALSE,"Jaccard",1.34165480489168
"Null Real Shuffled",100,12,100,130,0.785782350519631,0.920398009950249,FALSE,0.606305972371144,0.885,FALSE,0.928049808366254,0.459,FALSE,0.868679240759891,0.441,FALSE,0.991731341272521,0.408,FALSE,0.717980003784849,0.459,FALSE,"WeightedUniFrac",0.991731341272521
"Null Synthetic",200,12,200,200,1.34172852885174,0.522388059701492,FALSE,1.01918837845872,0.393,FALSE,1.04718173546298,0.353,FALSE,1.02589436829285,0.442,FALSE,0.930852485872366,0.6,FALSE,0.821478282653808,0.803,FALSE,"BrayCurtis",1.04718173546298
"Null Real Shuffled",200,12,200,130,1.19316774369094,0.611940298507463,FALSE,0.913177360252305,0.507,FALSE,1.10754338467783,0.336,FALSE,0.871650103269965,0.425,FALSE,1.08567402449534,0.358,FALSE,0.690907016773808,0.524,FALSE,"BrayCurtis",1.10754338467783
"Null Synthetic",50,13,50,200,1.12085881338851,0.781094527363184,FALSE,0.913930885584079,0.816,FALSE,0.871579433572593,0.879,FALSE,0.976439620181842,0.531,FALSE,0.799255618807711,0.813,FALSE,0.968090226454556,0.561,FALSE,"Jaccard",0.976439620181842
"Null Real Shuffled",50,13,50,130,1.04733045406293,0.676616915422886,FALSE,0.914815041103512,0.493,FALSE,1.08211495422578,0.345,FALSE,0.0984766098570643,0.927,FALSE,1.03004389930788,0.362,FALSE,-0.0129781684876843,0.948,FALSE,"BrayCurtis",1.08211495422578
"Null Synthetic",100,13,100,200,1.06585588219254,0.975124378109453,FALSE,0.831984201346907,0.947,FALSE,0.8666729366574,0.85,FALSE,1.08143163917476,0.295,FALSE,0.705121472104419,0.938,FALSE,1.11507710872571,0.283,FALSE,"UnweightedUniFrac",1.11507710872571
"Null Real Shuffled",100,13,100,130,1.64930439096012,0.278606965174129,FALSE,1.38169757708654,0.155,FALSE,1.31799701157074,0.219,FALSE,0.681929177052442,0.526,FALSE,1.07072216417009,0.355,FALSE,0.692048865504086,0.529,FALSE,"Euclidean",1.38169757708654
"Null Synthetic",200,13,200,200,1.0853564679255,0.995024875621891,FALSE,0.803254833559955,0.985,FALSE,0.955218875717056,0.636,FALSE,0.721367103828031,0.952,FALSE,0.884585774926446,0.644,FALSE,0.700057044648446,0.923,FALSE,"BrayCurtis",0.955218875717056
"Null Real Shuffled",200,13,200,130,1.54050304773979,0.343283582089552,FALSE,1.09189030301671,0.327,FALSE,1.2219795277562,0.266,FALSE,0.255113517637404,0.859,FALSE,1.11391698639143,0.31,FALSE,0.341854457662578,0.763,FALSE,"BrayCurtis",1.2219795277562
"Null Synthetic",50,14,50,200,1.21004301135867,0.462686567164179,FALSE,0.99787498518049,0.491,FALSE,1.1101116921494,0.152,FALSE,1.05250242092704,0.395,FALSE,0.97456513546812,0.503,FALSE,0.789199794746387,0.846,FALSE,"BrayCurtis",1.1101116921494
"Null Real Shuffled",50,2,50,130,1.09720743737882,0.63681592039801,FALSE,0.788201671854813,0.721,FALSE,0.741392532277871,0.697,FALSE,2.5217755475714,0.075,FALSE,0.638493827978049,0.741,FALSE,2.55537797702761,0.091,FALSE,"UnweightedUniFrac",2.55537797702761
"Null Real Shuffled",50,14,50,130,1.44213548878577,0.258706467661692,FALSE,0.998364024832876,0.425,FALSE,1.37538266007099,0.198,FALSE,1.27697659969223,0.289,FALSE,1.85998785578697,0.103,FALSE,1.51572466714478,0.194,FALSE,"WeightedUniFrac",1.85998785578697
"Null Synthetic",100,14,100,200,1.2646761490807,0.641791044776119,FALSE,1.00526686457909,0.468,FALSE,0.985652221662126,0.532,FALSE,1.05735977563972,0.356,FALSE,0.762838451791515,0.88,FALSE,1.01087759453622,0.448,FALSE,"Jaccard",1.05735977563972
"Null Real Shuffled",100,14,100,130,1.41783645484907,0.407960199004975,FALSE,1.07709984605138,0.336,FALSE,0.917558532950698,0.498,FALSE,0.698900591494363,0.525,FALSE,1.14531080503218,0.338,FALSE,0.602087705769178,0.549,FALSE,"WeightedUniFrac",1.14531080503218
"Null Synthetic",200,14,200,200,1.34738613213612,0.472636815920398,FALSE,1.03620223200709,0.338,FALSE,1.06882345343483,0.271,FALSE,1.05491411227795,0.372,FALSE,0.947369955242691,0.519,FALSE,1.05572296007752,0.391,FALSE,"BrayCurtis",1.06882345343483
"Null Real Shuffled",200,14,200,130,0.872916540909279,0.925373134328358,FALSE,0.886969923862601,0.53,FALSE,1.25845105837838,0.233,FALSE,0.622973470829112,0.576,FALSE,1.0055960843954,0.409,FALSE,0.38402371229077,0.701,FALSE,"BrayCurtis",1.25845105837838
"Null Synthetic",50,15,50,200,1.00286682398885,0.980099502487562,FALSE,0.786196897123613,0.986,FALSE,0.990566240997002,0.522,FALSE,0.837870740796211,0.821,FALSE,0.852009735175864,0.757,FALSE,0.800904259849022,0.831,FALSE,"BrayCurtis",0.990566240997002
"Null Real Shuffled",50,15,50,130,1.4582724960628,0.353233830845771,FALSE,1.23771078250663,0.197,FALSE,1.13110185679753,0.338,FALSE,0.814721159317001,0.475,FALSE,0.899796887656409,0.431,FALSE,0.646929397337382,0.572,FALSE,"Euclidean",1.23771078250663
"Null Synthetic",100,15,100,200,1.20977069437315,0.81592039800995,FALSE,0.910335223221303,0.789,FALSE,1.17753774416995,0.058,FALSE,0.735726836455462,0.936,FALSE,1.33416656395635,0.081,FALSE,0.834540173353806,0.785,FALSE,"WeightedUniFrac",1.33416656395635
"Null Real Shuffled",100,15,100,130,1.22130369085108,0.54228855721393,FALSE,0.76468091436291,0.703,FALSE,0.815459689816028,0.598,FALSE,0.531633867205961,0.647,FALSE,0.545220695189364,0.771,FALSE,0.456916644085747,0.694,FALSE,"BrayCurtis",0.815459689816028
"Null Synthetic",200,15,200,200,1.43998456515316,0.238805970149254,FALSE,1.06364624329724,0.267,FALSE,0.932780512127986,0.74,FALSE,1.22294034303789,0.114,FALSE,0.736759224898406,0.905,FALSE,1.30143525394149,0.076,FALSE,"UnweightedUniFrac",1.30143525394149
"Null Synthetic",100,2,100,200,1.2921041066799,0.472636815920398,FALSE,0.949382215559369,0.688,FALSE,0.969196970762861,0.591,FALSE,0.920150729592023,0.659,FALSE,1.2934926478985,0.087,FALSE,1.12942980538818,0.239,FALSE,"WeightedUniFrac",1.2934926478985
"Null Real Shuffled",200,15,200,130,0.996164615871105,0.766169154228856,FALSE,0.685124803966912,0.767,FALSE,0.873771947137798,0.522,FALSE,1.19915313480259,0.287,FALSE,0.479961801839283,0.806,FALSE,1.49090127381028,0.23,FALSE,"UnweightedUniFrac",1.49090127381028
"Null Synthetic",50,16,50,200,1.41609224602121,0.0447761194029851,TRUE,1.20761244638459,0.027,TRUE,1.36646250185811,0.002,TRUE,1.09554893816662,0.315,FALSE,0.891827249791919,0.648,FALSE,1.26728296256204,0.105,FALSE,"BrayCurtis",1.36646250185811
"Null Real Shuffled",50,16,50,130,0.858960555285756,0.875621890547264,FALSE,0.665594678431243,0.772,FALSE,0.766468330993584,0.604,FALSE,0.813703235724249,0.483,FALSE,0.491701084155612,0.754,FALSE,0.723183602310898,0.518,FALSE,"Jaccard",0.813703235724249
"Null Synthetic",100,16,100,200,1.21870975756061,0.736318407960199,FALSE,0.968878896021202,0.598,FALSE,0.766279324162958,0.986,FALSE,0.954519508023655,0.59,FALSE,0.603035254372123,0.989,FALSE,1.0014208640868,0.487,FALSE,"UnweightedUniFrac",1.0014208640868
"Null Real Shuffled",100,16,100,130,1.5578098459465,0.313432835820896,FALSE,1.03410310198057,0.358,FALSE,0.77540002824135,0.622,FALSE,2.12411072307126,0.106,FALSE,0.303973581884233,0.908,FALSE,2.31333689630319,0.073,FALSE,"UnweightedUniFrac",2.31333689630319
"Null Synthetic",200,16,200,200,1.1503491399023,0.940298507462687,FALSE,0.867446783018461,0.91,FALSE,0.770095227566072,0.983,FALSE,1.04400905154679,0.389,FALSE,0.82619976592391,0.76,FALSE,0.817277170215813,0.808,FALSE,"Jaccard",1.04400905154679
"Null Real Shuffled",200,16,200,130,1.35055933288697,0.398009950248756,FALSE,1.26444883912195,0.218,FALSE,1.06813095378764,0.357,FALSE,0.522479532013447,0.654,FALSE,1.09558936662619,0.329,FALSE,0.610528248528163,0.568,FALSE,"Euclidean",1.26444883912195
"Null Synthetic",50,17,50,200,1.37929722210556,0.0796019900497512,FALSE,1.16076134876053,0.071,FALSE,1.04927549067217,0.326,FALSE,0.988266047855016,0.487,FALSE,1.22820239122682,0.132,FALSE,1.07908598158812,0.342,FALSE,"WeightedUniFrac",1.22820239122682
"Null Real Shuffled",50,17,50,130,0.928958706632684,0.845771144278607,FALSE,0.841212059055129,0.599,FALSE,0.980237762679712,0.435,FALSE,1.43945805313757,0.241,FALSE,1.17647904637574,0.287,FALSE,2.01808114595639,0.122,FALSE,"UnweightedUniFrac",2.01808114595639
"Null Synthetic",100,17,100,200,1.15281179096007,0.880597014925373,FALSE,0.868533954867349,0.922,FALSE,0.864133440549951,0.887,FALSE,0.926273031964511,0.64,FALSE,1.08727266245109,0.304,FALSE,1.06229876076819,0.378,FALSE,"WeightedUniFrac",1.08727266245109
