"Effect_Size","Sample_Size","Simulation","MeLSI_F","MeLSI_p","MeLSI_significant","Euclidean_F","Euclidean_p","Euclidean_significant","BrayCurtis_F","BrayCurtis_p","BrayCurtis_significant","Jaccard_F","Jaccard_p","Jaccard_significant","WeightedUniFrac_F","WeightedUniFrac_p","WeightedUniFrac_significant","UnweightedUniFrac_F","UnweightedUniFrac_p","UnweightedUniFrac_significant","Best_Traditional","Best_Traditional_F"
"Small",50,1,1.35297311625365,0.119402985074627,FALSE,1.13335250187332,0.104,FALSE,1.07236200467577,0.263,FALSE,1.11969809361491,0.222,FALSE,1.06516553871474,0.329,FALSE,1.06559642674471,0.34,FALSE,"Euclidean",1.13335250187332
"Small",50,2,1.04668472066168,0.955223880597015,FALSE,0.817892126483383,0.97,FALSE,0.930093108873979,0.749,FALSE,0.645121608861171,0.983,FALSE,1.12462358213153,0.241,FALSE,0.7051558059505,0.941,FALSE,"WeightedUniFrac",1.12462358213153
"Small",50,12,1.35719234063363,0.0945273631840796,FALSE,1.1569365665068,0.068,FALSE,1.12074644302304,0.151,FALSE,0.962014478154105,0.58,FALSE,0.932765373424732,0.554,FALSE,0.838045226290856,0.798,FALSE,"Euclidean",1.1569365665068
"Medium",50,12,1.49984006759682,0.0149253731343284,TRUE,1.26958884181041,0.006,TRUE,1.55329551411999,0.001,TRUE,1.07581075521908,0.304,FALSE,2.13277560215823,0.003,TRUE,1.24291480579661,0.132,FALSE,"WeightedUniFrac",2.13277560215823
"Large",50,12,1.63297226069465,0.00497512437810945,TRUE,1.44152354541507,0.001,TRUE,2.76124672983576,0.001,TRUE,0.723614007842475,0.943,FALSE,2.85373326778526,0.001,TRUE,0.755141226746803,0.885,FALSE,"WeightedUniFrac",2.85373326778526
"Small",100,12,1.42663773405194,0.129353233830846,FALSE,1.1150013808088,0.114,FALSE,1.0569954129628,0.302,FALSE,0.971466287879067,0.573,FALSE,0.994868530498717,0.47,FALSE,0.872965457149665,0.732,FALSE,"Euclidean",1.1150013808088
"Medium",100,12,1.57660312822745,0.0248756218905473,TRUE,1.3195906773351,0.002,TRUE,1.96105044427767,0.001,TRUE,1.18422585491804,0.147,FALSE,2.61331672366192,0.001,TRUE,1.07796501604656,0.342,FALSE,"WeightedUniFrac",2.61331672366192
"Large",100,12,2.21944291484939,0.00497512437810945,TRUE,2.14605600715739,0.001,TRUE,5.04424563385292,0.001,TRUE,1.07952045873418,0.331,FALSE,4.85773921721522,0.001,TRUE,0.908105940857496,0.647,FALSE,"BrayCurtis",5.04424563385292
"Small",200,12,1.42928248570676,0.27363184079602,FALSE,1.06081228553833,0.25,FALSE,1.307867203221,0.004,TRUE,0.671945285249036,0.975,FALSE,0.970655934509824,0.532,FALSE,0.660459635365701,0.964,FALSE,"BrayCurtis",1.307867203221
"Medium",200,12,1.79178244650341,0.00497512437810945,TRUE,1.39987977779681,0.001,TRUE,2.11866410530821,0.001,TRUE,0.940446713575306,0.64,FALSE,2.14592239659559,0.001,TRUE,0.998795323605415,0.482,FALSE,"WeightedUniFrac",2.14592239659559
"Large",200,12,2.7762873854925,0.00497512437810945,TRUE,2.67124730285901,0.001,TRUE,7.90634366106576,0.001,TRUE,1.31355649328236,0.035,TRUE,9.01453714468025,0.001,TRUE,1.42497103890809,0.034,TRUE,"WeightedUniFrac",9.01453714468025
"Small",50,13,1.14902646690852,0.771144278606965,FALSE,0.910582757324528,0.8,FALSE,0.98968566844653,0.533,FALSE,0.664439145368753,0.971,FALSE,1.12623318666126,0.252,FALSE,0.647136544428337,0.96,FALSE,"WeightedUniFrac",1.12623318666126
"Medium",50,2,1.37814727771372,0.0796019900497512,FALSE,1.17311514351907,0.048,TRUE,1.32305949674026,0.008,TRUE,0.938754553194415,0.607,FALSE,0.93553375998392,0.598,FALSE,1.07252303027695,0.373,FALSE,"BrayCurtis",1.32305949674026
"Medium",50,13,1.15943979576261,0.696517412935323,FALSE,0.983406757673546,0.536,FALSE,1.04766198620909,0.306,FALSE,0.935661457781124,0.638,FALSE,0.963097277385611,0.502,FALSE,1.14209658116304,0.249,FALSE,"UnweightedUniFrac",1.14209658116304
"Large",50,13,1.5023898430008,0.00995024875621891,TRUE,1.33838090050995,0.006,TRUE,2.70075701308489,0.001,TRUE,1.07953526922582,0.3,FALSE,3.44132713841756,0.001,TRUE,1.13356544541916,0.238,FALSE,"WeightedUniFrac",3.44132713841756
"Small",100,13,1.47602880112713,0.0696517412935323,FALSE,1.1275319814552,0.11,FALSE,1.18828226330059,0.065,FALSE,1.37767809398453,0.027,TRUE,1.48859026080688,0.051,FALSE,1.50007798840286,0.012,TRUE,"UnweightedUniFrac",1.50007798840286
"Medium",100,13,1.34599874556085,0.318407960199005,FALSE,1.07470940316291,0.229,FALSE,1.49942894384893,0.001,TRUE,1.1178098202346,0.265,FALSE,1.53717325303384,0.025,TRUE,1.20586221644251,0.157,FALSE,"WeightedUniFrac",1.53717325303384
"Large",100,13,2.29865833461615,0.00497512437810945,TRUE,2.16560683216495,0.001,TRUE,4.90651848171763,0.001,TRUE,0.916423952831093,0.669,FALSE,5.87294926166809,0.001,TRUE,1.02309850265172,0.406,FALSE,"WeightedUniFrac",5.87294926166809
"Small",200,13,1.39473938261376,0.368159203980099,FALSE,1.03883189601296,0.351,FALSE,1.09228518933218,0.215,FALSE,1.08300056401043,0.351,FALSE,0.972847265079434,0.469,FALSE,0.858440472625017,0.732,FALSE,"BrayCurtis",1.09228518933218
"Medium",200,13,1.70053905788475,0.00995024875621891,TRUE,1.46192069280448,0.001,TRUE,2.33543935211168,0.001,TRUE,1.10749548828888,0.256,FALSE,2.27863839307079,0.001,TRUE,0.836422431501591,0.779,FALSE,"BrayCurtis",2.33543935211168
"Large",200,13,2.665738943407,0.00497512437810945,TRUE,2.3978064526924,0.001,TRUE,7.34928853063844,0.001,TRUE,0.849624346248823,0.798,FALSE,4.45724303983336,0.001,TRUE,0.935218885670475,0.609,FALSE,"BrayCurtis",7.34928853063844
"Small",50,14,1.13003554127331,0.796019900497512,FALSE,0.936747341562119,0.723,FALSE,0.872185450481764,0.863,FALSE,1.16664697233183,0.175,FALSE,1.18509066852666,0.183,FALSE,1.46489791909942,0.017,TRUE,"UnweightedUniFrac",1.46489791909942
"Medium",50,14,1.52768878355631,0.00497512437810945,TRUE,1.31644948194598,0.005,TRUE,1.58176144805559,0.001,TRUE,1.126414032642,0.256,FALSE,1.19039153704766,0.174,FALSE,1.11393122109943,0.254,FALSE,"BrayCurtis",1.58176144805559
"Large",50,2,1.4396539508525,0.0348258706467662,TRUE,1.3786232711204,0.001,TRUE,2.94943659861904,0.001,TRUE,0.970942117015031,0.501,FALSE,2.37079571234712,0.001,TRUE,1.00054208132411,0.49,FALSE,"BrayCurtis",2.94943659861904
"Large",50,14,1.58858811821228,0.00497512437810945,TRUE,1.45071556156993,0.001,TRUE,2.75804381279515,0.001,TRUE,1.12492960789912,0.249,FALSE,2.27892392082643,0.001,TRUE,1.07249534764873,0.355,FALSE,"BrayCurtis",2.75804381279515
"Small",100,14,1.23100000228635,0.696517412935323,FALSE,0.939305234265234,0.714,FALSE,1.00961668050093,0.45,FALSE,0.801074439401705,0.862,FALSE,1.06933653864947,0.37,FALSE,0.818018516820464,0.804,FALSE,"WeightedUniFrac",1.06933653864947
"Medium",100,14,1.45086872673471,0.109452736318408,FALSE,1.13687547266734,0.082,FALSE,1.40386065017511,0.003,TRUE,1.41677224570483,0.011,TRUE,1.57764159933943,0.013,TRUE,1.54190341691643,0.007,TRUE,"WeightedUniFrac",1.57764159933943
"Large",100,14,2.26774335656794,0.00497512437810945,TRUE,2.13018947209444,0.001,TRUE,4.79323521008738,0.001,TRUE,1.1344879653965,0.213,FALSE,4.18233366549417,0.001,TRUE,0.822366173901628,0.801,FALSE,"BrayCurtis",4.79323521008738
"Small",200,14,1.39632876658702,0.338308457711443,FALSE,1.04107246193524,0.328,FALSE,0.987880659025564,0.514,FALSE,1.36677426325406,0.041,TRUE,0.645821988317471,0.97,FALSE,1.40178975556716,0.036,TRUE,"UnweightedUniFrac",1.40178975556716
"Medium",200,14,1.74981181224054,0.00497512437810945,TRUE,1.36352676875212,0.001,TRUE,2.30622247771929,0.001,TRUE,0.765816917158866,0.918,FALSE,3.1779389275946,0.001,TRUE,0.840091138731927,0.772,FALSE,"WeightedUniFrac",3.1779389275946
"Large",200,14,2.98208653345947,0.00497512437810945,TRUE,2.94508714125321,0.001,TRUE,8.17398505251461,0.001,TRUE,0.929607075085564,0.664,FALSE,7.060378442236,0.001,TRUE,0.765979872592612,0.887,FALSE,"BrayCurtis",8.17398505251461
"Small",50,15,1.06931838980013,0.940298507462687,FALSE,0.899983706338856,0.846,FALSE,1.00107185257603,0.479,FALSE,0.756492684935564,0.935,FALSE,0.940167549463612,0.577,FALSE,0.777927364480484,0.865,FALSE,"BrayCurtis",1.00107185257603
"Medium",50,15,1.24289874031616,0.422885572139304,FALSE,1.03509959223382,0.385,FALSE,1.18675418536681,0.071,FALSE,0.906509423194251,0.694,FALSE,1.44212647954212,0.068,FALSE,1.00871698551809,0.459,FALSE,"WeightedUniFrac",1.44212647954212
"Large",50,15,1.39953008767991,0.0646766169154229,FALSE,1.23783624797501,0.016,TRUE,2.33479045972109,0.001,TRUE,1.22448908934167,0.093,FALSE,2.6654106556022,0.001,TRUE,1.21413998629925,0.166,FALSE,"WeightedUniFrac",2.6654106556022
"Small",100,2,1.42631287208355,0.238805970149254,FALSE,1.07872380639068,0.209,FALSE,0.905811437060478,0.781,FALSE,1.3375691166679,0.041,TRUE,0.652244893817148,0.966,FALSE,1.24957600209392,0.123,FALSE,"Jaccard",1.3375691166679
"Small",100,15,1.15115608560406,0.915422885572139,FALSE,0.900652993767933,0.843,FALSE,1.04807458413701,0.313,FALSE,0.975662243432621,0.53,FALSE,0.775049732439349,0.899,FALSE,0.952515529863274,0.539,FALSE,"BrayCurtis",1.04807458413701
"Medium",100,15,1.53531803923698,0.0248756218905473,TRUE,1.23100625990157,0.018,TRUE,1.62250529973771,0.001,TRUE,0.920292837484539,0.692,FALSE,2.04410687330099,0.002,TRUE,0.878249517418036,0.69,FALSE,"WeightedUniFrac",2.04410687330099
"Large",100,15,1.90673713531306,0.00497512437810945,TRUE,1.60314978280634,0.001,TRUE,4.20804417667828,0.001,TRUE,1.13755899973603,0.23,FALSE,3.77660420587492,0.001,TRUE,1.25811072168029,0.091,FALSE,"BrayCurtis",4.20804417667828
"Small",200,15,1.40041596457041,0.323383084577114,FALSE,1.03952363635485,0.324,FALSE,1.20316444364904,0.047,TRUE,1.04682399261846,0.355,FALSE,1.00160916499533,0.42,FALSE,0.956814441508606,0.543,FALSE,"BrayCurtis",1.20316444364904
"Medium",200,15,1.69021734651386,0.0248756218905473,TRUE,1.31683694145438,0.002,TRUE,1.99725752138336,0.001,TRUE,0.905931455287054,0.69,FALSE,2.36825100050345,0.001,TRUE,0.993964036711895,0.5,FALSE,"WeightedUniFrac",2.36825100050345
"Large",200,15,3.08178189405138,0.00497512437810945,TRUE,3.1060131132143,0.001,TRUE,8.11021371816221,0.001,TRUE,0.984062982718779,0.529,FALSE,8.21102721827724,0.001,TRUE,0.910681904895066,0.65,FALSE,"WeightedUniFrac",8.21102721827724
"Small",50,16,0.916725986712064,0.995024875621891,FALSE,0.751347844869038,0.997,FALSE,0.771337934004423,0.979,FALSE,0.755847227541738,0.931,FALSE,0.664759073158749,0.957,FALSE,0.77469964144523,0.881,FALSE,"UnweightedUniFrac",0.77469964144523
"Medium",50,16,1.14813092789614,0.766169154228856,FALSE,0.94451629124108,0.69,FALSE,1.2124930012253,0.04,TRUE,0.502813579958586,0.999,FALSE,0.783323530006377,0.848,FALSE,0.459025988278477,0.997,FALSE,"BrayCurtis",1.2124930012253
"Large",50,16,1.42012117617595,0.0447761194029851,TRUE,1.25726578462913,0.008,TRUE,2.51532731776143,0.001,TRUE,0.754238220654156,0.915,FALSE,2.79152467607315,0.001,TRUE,0.602044594118719,0.976,FALSE,"WeightedUniFrac",2.79152467607315
"Small",100,16,1.40512363763971,0.139303482587065,FALSE,1.08778608904838,0.188,FALSE,1.22334758548759,0.032,TRUE,1.27083548415851,0.063,FALSE,0.950174956306156,0.557,FALSE,1.08178237868574,0.361,FALSE,"Jaccard",1.27083548415851
"Medium",100,2,1.57103933998846,0.0199004975124378,TRUE,1.34093581608131,0.002,TRUE,1.73613951159861,0.001,TRUE,1.03152202070702,0.413,FALSE,2.53236708634893,0.002,TRUE,0.961799215681019,0.568,FALSE,"WeightedUniFrac",2.53236708634893
"Medium",100,16,1.45351187452583,0.0945273631840796,FALSE,1.19647476946001,0.033,TRUE,1.77850829475764,0.001,TRUE,0.775224675607138,0.899,FALSE,2.29380383643578,0.001,TRUE,0.89718578347765,0.669,FALSE,"WeightedUniFrac",2.29380383643578
"Large",100,16,2.1216280831278,0.00497512437810945,TRUE,1.96352699933509,0.001,TRUE,4.83804991100309,0.001,TRUE,0.99881926568922,0.482,FALSE,5.27319912832969,0.001,TRUE,1.14401723181817,0.237,FALSE,"WeightedUniFrac",5.27319912832969
"Small",200,16,1.37454199796465,0.368159203980099,FALSE,1.00902942385978,0.452,FALSE,1.19667640099966,0.047,TRUE,1.09827509450675,0.293,FALSE,1.30554666028207,0.099,FALSE,1.09231080969718,0.328,FALSE,"WeightedUniFrac",1.30554666028207
"Medium",200,16,1.78859089636452,0.00497512437810945,TRUE,1.5242907639656,0.001,TRUE,2.43134731992145,0.001,TRUE,1.11310174152539,0.273,FALSE,2.70368168550234,0.001,TRUE,1.27731676398119,0.104,FALSE,"WeightedUniFrac",2.70368168550234
"Large",200,16,3.03164276611206,0.00497512437810945,TRUE,2.81133224875105,0.001,TRUE,7.79308903942926,0.001,TRUE,0.935455067521574,0.638,FALSE,9.81653919433083,0.001,TRUE,0.696662795901803,0.931,FALSE,"WeightedUniFrac",9.81653919433083
"Small",50,17,1.18821354494377,0.567164179104478,FALSE,0.990226909441401,0.533,FALSE,0.990268816796175,0.543,FALSE,0.890131491297844,0.708,FALSE,1.25965362987038,0.114,FALSE,0.91839451929602,0.615,FALSE,"WeightedUniFrac",1.25965362987038
"Medium",50,17,1.3821130474558,0.0845771144278607,FALSE,1.11953338088653,0.134,FALSE,1.34904985702342,0.005,TRUE,1.00678181220997,0.485,FALSE,1.13675848053363,0.223,FALSE,0.85288395225874,0.735,FALSE,"BrayCurtis",1.34904985702342
"Large",50,17,1.43052505355504,0.0447761194029851,TRUE,1.40289960544349,0.001,TRUE,3.01982287331497,0.001,TRUE,0.63409405823553,0.982,FALSE,2.78851795947049,0.001,TRUE,0.734194412295961,0.911,FALSE,"BrayCurtis",3.01982287331497
"Small",100,17,1.2586932310645,0.592039800995025,FALSE,0.957510966906643,0.659,FALSE,1.11477133585241,0.172,FALSE,0.889700187932921,0.705,FALSE,0.948943417907959,0.561,FALSE,0.926555818057579,0.61,FALSE,"BrayCurtis",1.11477133585241
"Medium",100,17,1.29447364911483,0.527363184079602,FALSE,1.01259157797344,0.427,FALSE,1.26232198279734,0.017,TRUE,0.573751175698684,0.994,FALSE,1.17895965259337,0.209,FALSE,0.616932975750903,0.974,FALSE,"BrayCurtis",1.26232198279734
"Large",100,2,2.21149528650637,0.00497512437810945,TRUE,2.12870362596037,0.001,TRUE,4.66095511550231,0.001,TRUE,0.813805322843173,0.863,FALSE,5.41028936697206,0.001,TRUE,0.975167921848147,0.516,FALSE,"WeightedUniFrac",5.41028936697206
"Large",100,17,2.26841872080706,0.00497512437810945,TRUE,2.0809861490138,0.001,TRUE,4.52390794381142,0.001,TRUE,0.883991962571335,0.725,FALSE,4.38846673934689,0.001,TRUE,0.838483999338904,0.765,FALSE,"BrayCurtis",4.52390794381142
"Small",200,17,1.44563605374309,0.233830845771144,FALSE,1.07495982488672,0.234,FALSE,1.14043308016177,0.103,FALSE,0.966626287132005,0.576,FALSE,0.931232482292476,0.609,FALSE,0.958264176644286,0.578,FALSE,"BrayCurtis",1.14043308016177
"Medium",200,17,1.74333427198241,0.00995024875621891,TRUE,1.43490207198087,0.001,TRUE,2.45089189671455,0.001,TRUE,0.865016394895184,0.782,FALSE,2.65123456726828,0.001,TRUE,0.821179562047306,0.794,FALSE,"WeightedUniFrac",2.65123456726828
"Large",200,17,3.23363447630873,0.00497512437810945,TRUE,3.05928237327636,0.001,TRUE,8.76628466408905,0.001,TRUE,0.970323081052708,0.563,FALSE,6.38533915900217,0.001,TRUE,0.911667061487927,0.659,FALSE,"BrayCurtis",8.76628466408905
"Small",50,18,1.48799087184922,0.0298507462686567,TRUE,1.23203590426576,0.025,TRUE,1.37090311257039,0.002,TRUE,1.02612711975809,0.419,FALSE,1.16158798560896,0.218,FALSE,1.06689847107635,0.353,FALSE,"BrayCurtis",1.37090311257039
"Medium",50,18,1.45165815579107,0.0398009950248756,TRUE,1.2797650126429,0.009,TRUE,1.46298144439658,0.001,TRUE,1.08184023911328,0.302,FALSE,1.43082411787841,0.059,FALSE,0.873735153369283,0.701,FALSE,"BrayCurtis",1.46298144439658
"Large",50,18,1.4914541351723,0.0199004975124378,TRUE,1.42683628484165,0.001,TRUE,2.73361812431687,0.001,TRUE,1.13827224972804,0.206,FALSE,2.98591454514596,0.001,TRUE,1.25663134872517,0.104,FALSE,"WeightedUniFrac",2.98591454514596
"Small",100,18,1.18606550466807,0.880597014925373,FALSE,0.939707162432009,0.734,FALSE,1.11420543131522,0.157,FALSE,0.667740652900371,0.973,FALSE,1.07902804738515,0.36,FALSE,0.648305160293904,0.966,FALSE,"BrayCurtis",1.11420543131522
"Medium",100,18,1.52750434360597,0.0348258706467662,TRUE,1.21407429796372,0.011,TRUE,1.665325908549,0.001,TRUE,1.13903214685085,0.19,FALSE,1.63995927980171,0.013,TRUE,1.08211065463201,0.332,FALSE,"BrayCurtis",1.665325908549
"Large",100,18,2.00654621493195,0.00497512437810945,TRUE,1.8268323049708,0.001,TRUE,4.4882002060861,0.001,TRUE,1.07296798553449,0.35,FALSE,4.63819393309337,0.001,TRUE,1.13892515220043,0.254,FALSE,"WeightedUniFrac",4.63819393309337
"Small",200,2,1.13743000661935,0.945273631840796,FALSE,0.850155318056564,0.939,FALSE,1.06819455208653,0.268,FALSE,0.822753923731577,0.834,FALSE,1.05698801929994,0.359,FALSE,0.922293230332592,0.657,FALSE,"BrayCurtis",1.06819455208653
"Small",200,18,1.38095891496868,0.402985074626866,FALSE,1.01433503214063,0.451,FALSE,1.08482224145173,0.244,FALSE,0.931478745432302,0.625,FALSE,1.28251855275659,0.103,FALSE,0.944961590644231,0.568,FALSE,"WeightedUniFrac",1.28251855275659
"Medium",200,18,1.57924211328345,0.0447761194029851,TRUE,1.26596440405236,0.006,TRUE,1.95666989801529,0.001,TRUE,0.828606240784246,0.832,FALSE,1.451601119789,0.046,TRUE,0.760480941454364,0.88,FALSE,"BrayCurtis",1.95666989801529
"Large",200,18,3.12113143637859,0.00497512437810945,TRUE,3.09639222293755,0.001,TRUE,7.90095519509859,0.001,TRUE,1.37292354018197,0.026,TRUE,7.31545015183507,0.001,TRUE,1.45610600679987,0.031,TRUE,"BrayCurtis",7.90095519509859
"Small",50,19,1.32081604038382,0.139303482587065,FALSE,1.05110890276705,0.31,FALSE,1.20582161265505,0.047,TRUE,0.871257213906939,0.779,FALSE,1.04144054125689,0.357,FALSE,0.912986367489681,0.643,FALSE,"BrayCurtis",1.20582161265505
"Medium",50,19,1.27334042447493,0.333333333333333,FALSE,1.11419975731162,0.115,FALSE,1.40937128123856,0.001,TRUE,1.14816882086612,0.209,FALSE,1.49929635880782,0.026,TRUE,1.05930663041959,0.404,FALSE,"WeightedUniFrac",1.49929635880782
"Large",50,19,1.66853704040286,0.00995024875621891,TRUE,1.58961948967699,0.001,TRUE,3.09506622503676,0.001,TRUE,1.17028390871055,0.161,FALSE,2.39167543934314,0.001,TRUE,1.10768688665588,0.298,FALSE,"BrayCurtis",3.09506622503676
"Small",100,19,1.23325059244134,0.696517412935323,FALSE,0.937937617763608,0.738,FALSE,0.757773416716845,0.988,FALSE,1.03011152784242,0.427,FALSE,0.780508558897961,0.845,FALSE,1.07628145843448,0.354,FALSE,"UnweightedUniFrac",1.07628145843448
"Medium",100,19,1.37184818796166,0.27363184079602,FALSE,1.10018741086325,0.146,FALSE,1.43761351540638,0.001,TRUE,1.07157140808953,0.351,FALSE,2.11987787528048,0.001,TRUE,1.3354504868491,0.056,FALSE,"WeightedUniFrac",2.11987787528048
"Large",100,19,2.46345527281861,0.00497512437810945,TRUE,2.21205105811947,0.001,TRUE,4.68406296076482,0.001,TRUE,1.00582213454935,0.457,FALSE,4.28798773669185,0.001,TRUE,1.15559009376354,0.245,FALSE,"BrayCurtis",4.68406296076482
"Small",200,19,1.17225727205074,0.925373134328358,FALSE,0.853868775631594,0.93,FALSE,1.01447746022522,0.41,FALSE,0.625960697515309,0.993,FALSE,0.874347246211912,0.7,FALSE,0.590027809973373,0.984,FALSE,"BrayCurtis",1.01447746022522
"Medium",200,2,1.80369901289007,0.00497512437810945,TRUE,1.56694875854557,0.001,TRUE,2.41726605856579,0.001,TRUE,1.11604497074344,0.266,FALSE,2.75079797475416,0.001,TRUE,1.09619284683475,0.332,FALSE,"WeightedUniFrac",2.75079797475416
"Medium",200,19,1.9007688098127,0.00497512437810945,TRUE,1.44922236296827,0.001,TRUE,2.15051378475246,0.001,TRUE,1.15667266222653,0.208,FALSE,1.68056163343926,0.012,TRUE,1.30684003137093,0.077,FALSE,"BrayCurtis",2.15051378475246
"Large",200,19,3.21138083962579,0.00497512437810945,TRUE,3.04316779859898,0.001,TRUE,8.63347128704482,0.001,TRUE,0.841645349260745,0.814,FALSE,10.8991946739537,0.001,TRUE,0.821223242448432,0.817,FALSE,"WeightedUniFrac",10.8991946739537
"Small",50,20,1.08034414054168,0.930348258706468,FALSE,0.835642334866442,0.952,FALSE,0.943076749344852,0.689,FALSE,0.897075698408162,0.72,FALSE,0.711443178625707,0.933,FALSE,0.740755863603403,0.919,FALSE,"BrayCurtis",0.943076749344852
"Medium",50,20,1.27303888934959,0.323383084577114,FALSE,1.04513359698419,0.331,FALSE,1.21310963297025,0.053,FALSE,0.728906645096847,0.944,FALSE,1.6791384868144,0.009,TRUE,0.697137412978822,0.933,FALSE,"WeightedUniFrac",1.6791384868144
"Large",50,20,1.39635839876542,0.0746268656716418,FALSE,1.23700410193274,0.014,TRUE,2.36458852036853,0.001,TRUE,0.92328283242133,0.666,FALSE,1.84680437243091,0.005,TRUE,0.885022918004807,0.68,FALSE,"BrayCurtis",2.36458852036853
"Small",100,20,1.41539733903048,0.154228855721393,FALSE,1.11391331083933,0.142,FALSE,1.16417012232341,0.095,FALSE,0.996270946850507,0.543,FALSE,0.776094258105849,0.837,FALSE,1.04385080508789,0.397,FALSE,"BrayCurtis",1.16417012232341
"Medium",100,20,1.22442991320971,0.736318407960199,FALSE,0.98808371714034,0.533,FALSE,1.35350578949025,0.002,TRUE,0.825672419075472,0.822,FALSE,1.82479544425988,0.004,TRUE,0.914904343962312,0.638,FALSE,"WeightedUniFrac",1.82479544425988
"Large",100,20,1.92091289805817,0.00497512437810945,TRUE,1.77859391304898,0.001,TRUE,4.53792788788835,0.001,TRUE,1.07040233388469,0.316,FALSE,4.39212898716245,0.001,TRUE,1.02590459941316,0.427,FALSE,"BrayCurtis",4.53792788788835
"Small",200,20,1.38839258354679,0.383084577114428,FALSE,1.03740714320535,0.33,FALSE,1.2528251540629,0.019,TRUE,0.975740348526664,0.554,FALSE,1.27163824445923,0.129,FALSE,1.0861254845989,0.343,FALSE,"WeightedUniFrac",1.27163824445923
"Medium",200,20,1.67958573425662,0.00497512437810945,TRUE,1.3776259180392,0.002,TRUE,2.28583168713968,0.001,TRUE,0.899163351634703,0.716,FALSE,2.45465687845279,0.001,TRUE,0.790778701625271,0.855,FALSE,"WeightedUniFrac",2.45465687845279
"Large",200,2,3.25351610423201,0.00497512437810945,TRUE,3.27847840503523,0.001,TRUE,8.67539730481714,0.001,TRUE,1.03955433155132,0.405,FALSE,8.03808857509415,0.001,TRUE,1.0835067873224,0.354,FALSE,"BrayCurtis",8.67539730481714
"Large",200,20,2.91511028745078,0.00497512437810945,TRUE,2.7504215500752,0.001,TRUE,7.52138902589096,0.001,TRUE,1.04371782172282,0.375,FALSE,8.18861052971951,0.001,TRUE,1.007309488583,0.468,FALSE,"WeightedUniFrac",8.18861052971951
"Small",50,21,0.943405258720624,0.995024875621891,FALSE,0.762890479137556,0.99,FALSE,0.738742633228329,0.987,FALSE,0.4967295013258,0.999,FALSE,0.705256023614094,0.926,FALSE,0.506157064424384,0.994,FALSE,"Euclidean",0.762890479137556
"Medium",50,21,1.07692847796503,0.875621890547264,FALSE,0.889248189817188,0.853,FALSE,1.11232493472448,0.171,FALSE,0.876444530008769,0.75,FALSE,0.984548296943645,0.479,FALSE,0.810943330632789,0.808,FALSE,"BrayCurtis",1.11232493472448
"Large",50,21,1.54172968992545,0.00497512437810945,TRUE,1.34544773836975,0.002,TRUE,2.84840848580662,0.001,TRUE,0.789214968276185,0.899,FALSE,2.3671361838605,0.002,TRUE,0.840119030564045,0.78,FALSE,"BrayCurtis",2.84840848580662
"Small",100,21,1.54991396119537,0.0298507462686567,TRUE,1.19881954130052,0.019,TRUE,1.31901591307642,0.006,TRUE,1.24113174995997,0.096,FALSE,1.15523535854107,0.215,FALSE,1.52629545351942,0.013,TRUE,"UnweightedUniFrac",1.52629545351942
"Medium",100,21,1.57795238163392,0.0298507462686567,TRUE,1.27084932318747,0.005,TRUE,1.69509255837463,0.001,TRUE,1.1860825066495,0.151,FALSE,1.62365551347624,0.011,TRUE,1.09326046272547,0.301,FALSE,"BrayCurtis",1.69509255837463
"Large",100,21,2.29843896216042,0.00497512437810945,TRUE,2.05289551487953,0.001,TRUE,4.68448814265024,0.001,TRUE,1.22517124347436,0.102,FALSE,4.83120121365394,0.001,TRUE,1.37452408768075,0.045,TRUE,"WeightedUniFrac",4.83120121365394
"Small",200,21,1.44147264892882,0.248756218905473,FALSE,1.08175867515598,0.219,FALSE,1.05205910145249,0.322,FALSE,1.01525445216952,0.463,FALSE,0.9292067632548,0.571,FALSE,0.973452248648311,0.535,FALSE,"Euclidean",1.08175867515598
"Medium",200,21,1.96737672894744,0.00497512437810945,TRUE,1.51383978134279,0.001,TRUE,2.34241406515437,0.001,TRUE,1.00234687123652,0.466,FALSE,2.97055277024435,0.001,TRUE,1.09662508051381,0.297,FALSE,"WeightedUniFrac",2.97055277024435
"Large",200,21,2.9548437928693,0.00497512437810945,TRUE,2.66358066958794,0.001,TRUE,7.54133133343113,0.001,TRUE,1.25720078673025,0.088,FALSE,10.9097026966457,0.001,TRUE,1.29141718014985,0.073,FALSE,"WeightedUniFrac",10.9097026966457
"Small",50,3,1.14999342153711,0.751243781094527,FALSE,0.971123977847214,0.59,FALSE,1.06222348361341,0.3,FALSE,1.18116802020051,0.141,FALSE,1.47151921913455,0.026,TRUE,1.01718807594043,0.489,FALSE,"WeightedUniFrac",1.47151921913455
"Small",50,22,1.17067072006814,0.631840796019901,FALSE,0.986728476997569,0.512,FALSE,0.905296658170405,0.787,FALSE,1.13003190737634,0.25,FALSE,0.947839463514997,0.543,FALSE,1.10620211665913,0.306,FALSE,"Jaccard",1.13003190737634
"Medium",50,22,1.40346438567919,0.0746268656716418,FALSE,1.17507909088348,0.061,FALSE,1.5389005307241,0.001,TRUE,0.841367601454631,0.822,FALSE,1.46461649360784,0.049,TRUE,0.809523197671731,0.812,FALSE,"BrayCurtis",1.5389005307241
"Large",50,22,1.38074164197076,0.109452736318408,FALSE,1.33304927202995,0.003,TRUE,2.81002975537511,0.001,TRUE,1.09036024709862,0.277,FALSE,3.58161477754492,0.001,TRUE,1.00683162905048,0.443,FALSE,"WeightedUniFrac",3.58161477754492
"Small",100,22,1.49220610235403,0.054726368159204,FALSE,1.16078247210364,0.053,FALSE,1.12118984135154,0.162,FALSE,1.00093359040692,0.45,FALSE,1.38783215360516,0.071,FALSE,0.94267888399452,0.591,FALSE,"WeightedUniFrac",1.38783215360516
"Medium",100,22,1.44523492693127,0.139303482587065,FALSE,1.07935962418594,0.214,FALSE,1.63652976780346,0.001,TRUE,1.0655403353643,0.337,FALSE,1.41404119646145,0.054,FALSE,1.00323716132987,0.47,FALSE,"BrayCurtis",1.63652976780346
"Large",100,22,2.14517076210719,0.00497512437810945,TRUE,1.99690582990778,0.001,TRUE,5.1477783675172,0.001,TRUE,0.999760063027526,0.487,FALSE,6.27690716816995,0.001,TRUE,0.948116787593961,0.592,FALSE,"WeightedUniFrac",6.27690716816995
"Small",200,22,1.20711985552545,0.895522388059702,FALSE,0.944269224779237,0.698,FALSE,1.06642088645905,0.288,FALSE,0.682542311371396,0.965,FALSE,0.916577909793386,0.622,FALSE,0.561698262464406,0.986,FALSE,"BrayCurtis",1.06642088645905
"Medium",200,22,1.63820235289057,0.0199004975124378,TRUE,1.3588172137801,0.002,TRUE,2.27684630264209,0.001,TRUE,0.986723823585237,0.492,FALSE,1.75731986654229,0.011,TRUE,0.911466235934785,0.654,FALSE,"BrayCurtis",2.27684630264209
"Large",200,22,3.43848955138658,0.00497512437810945,TRUE,3.45877532763713,0.001,TRUE,9.71784961792842,0.001,TRUE,0.91817616572848,0.673,FALSE,10.0416177358692,0.001,TRUE,1.05192591928359,0.375,FALSE,"WeightedUniFrac",10.0416177358692
"Small",50,23,1.24504787972367,0.467661691542289,FALSE,1.04617365842222,0.296,FALSE,1.14356262622094,0.125,FALSE,0.859633394834281,0.798,FALSE,1.10415543614425,0.281,FALSE,0.852446901110816,0.786,FALSE,"BrayCurtis",1.14356262622094
"Medium",50,1,1.43394763358919,0.0895522388059701,FALSE,1.19497755704288,0.035,TRUE,1.38633629680605,0.002,TRUE,0.974549260634233,0.568,FALSE,1.80519576787668,0.002,TRUE,0.993973268957196,0.47,FALSE,"WeightedUniFrac",1.80519576787668
"Medium",50,3,1.34415367536572,0.18407960199005,FALSE,1.17737360553291,0.041,TRUE,1.5217561097734,0.002,TRUE,0.966500506178943,0.552,FALSE,1.09357868881386,0.3,FALSE,1.03912904669028,0.407,FALSE,"BrayCurtis",1.5217561097734
"Medium",50,23,1.40821205650179,0.0746268656716418,FALSE,1.20196013765521,0.036,TRUE,1.31904107102581,0.015,TRUE,1.15829224662855,0.179,FALSE,1.50950446487633,0.024,TRUE,1.03487131718871,0.377,FALSE,"WeightedUniFrac",1.50950446487633
"Large",50,23,1.72914106437819,0.00497512437810945,TRUE,1.59441405655408,0.001,TRUE,2.92160733847529,0.001,TRUE,0.811810410788902,0.862,FALSE,2.25976102597688,0.001,TRUE,0.843694894344919,0.767,FALSE,"BrayCurtis",2.92160733847529
"Small",100,23,1.3346012077638,0.378109452736318,FALSE,1.0418535257339,0.317,FALSE,1.00076031004501,0.49,FALSE,0.881676054717254,0.757,FALSE,1.2534708145076,0.123,FALSE,0.815232475764967,0.814,FALSE,"WeightedUniFrac",1.2534708145076
"Medium",100,23,1.66092471630868,0.00497512437810945,TRUE,1.2935013878386,0.005,TRUE,1.59147330534365,0.001,TRUE,1.01571258181643,0.447,FALSE,2.1209813632619,0.004,TRUE,1.00940550230031,0.476,FALSE,"WeightedUniFrac",2.1209813632619
"Large",100,23,2.28232933540789,0.00497512437810945,TRUE,2.00711574464241,0.001,TRUE,4.49321948913905,0.001,TRUE,0.829827075597758,0.816,FALSE,4.30629450163868,0.001,TRUE,0.852514314367273,0.719,FALSE,"BrayCurtis",4.49321948913905
"Small",200,23,1.45211736979061,0.213930348258706,FALSE,1.0767242672281,0.234,FALSE,1.39624958769454,0.003,TRUE,0.827180614730283,0.849,FALSE,1.23246712501022,0.158,FALSE,0.767078788257602,0.873,FALSE,"BrayCurtis",1.39624958769454
"Medium",200,23,1.90276309235557,0.00497512437810945,TRUE,1.43510602512424,0.001,TRUE,2.28258291947958,0.001,TRUE,1.20134521294136,0.115,FALSE,1.74032874546734,0.015,TRUE,1.1687237943963,0.2,FALSE,"BrayCurtis",2.28258291947958
"Large",200,23,3.00268660764757,0.00497512437810945,TRUE,2.82512037293131,0.001,TRUE,8.75825812740175,0.001,TRUE,0.9587851476036,0.568,FALSE,8.97356516116808,0.001,TRUE,1.12596219163876,0.271,FALSE,"WeightedUniFrac",8.97356516116808
"Small",50,24,1.3631794410688,0.144278606965174,FALSE,1.08492551807795,0.205,FALSE,1.18176916495938,0.065,FALSE,1.14526901414796,0.2,FALSE,0.919084341342273,0.599,FALSE,1.16814964218311,0.213,FALSE,"BrayCurtis",1.18176916495938
"Medium",50,24,1.20999110229476,0.502487562189055,FALSE,1.02606487263064,0.403,FALSE,1.1464967287788,0.132,FALSE,1.05168041831767,0.384,FALSE,1.04210634112786,0.374,FALSE,0.875960289753802,0.719,FALSE,"BrayCurtis",1.1464967287788
"Large",50,3,1.40397372280274,0.0696517412935323,FALSE,1.31860640287139,0.003,TRUE,2.35467681861592,0.001,TRUE,0.997737730243799,0.469,FALSE,2.89272132879278,0.001,TRUE,0.962827965867407,0.547,FALSE,"WeightedUniFrac",2.89272132879278
"Large",50,24,1.7553110420856,0.00497512437810945,TRUE,1.68934798853845,0.001,TRUE,3.22859609346131,0.001,TRUE,0.758463902844732,0.915,FALSE,2.86958199398183,0.001,TRUE,0.739888331848249,0.897,FALSE,"BrayCurtis",3.22859609346131
"Small",100,24,1.06758243429008,0.970149253731343,FALSE,0.826896780206369,0.968,FALSE,1.00038066394821,0.481,FALSE,0.616341193440155,0.988,FALSE,1.15059050873905,0.237,FALSE,0.614730023212629,0.974,FALSE,"WeightedUniFrac",1.15059050873905
"Medium",100,24,1.73065108674446,0.00497512437810945,TRUE,1.35024429082442,0.003,TRUE,1.74234215313541,0.001,TRUE,1.15070206904,0.201,FALSE,1.58371561086809,0.022,TRUE,1.28456767050503,0.1,FALSE,"BrayCurtis",1.74234215313541
"Large",100,24,2.10561921738744,0.00497512437810945,TRUE,2.08885229237005,0.001,TRUE,4.72294497237647,0.001,TRUE,0.900582722530594,0.722,FALSE,4.77024022879255,0.001,TRUE,1.12310991766331,0.26,FALSE,"WeightedUniFrac",4.77024022879255
"Small",200,24,1.27360795360491,0.716417910447761,FALSE,0.955280328801123,0.676,FALSE,1.1149507162885,0.184,FALSE,0.737045388644299,0.929,FALSE,1.59967573443137,0.017,TRUE,0.632848482686095,0.967,FALSE,"WeightedUniFrac",1.59967573443137
"Medium",200,24,1.58953518357269,0.0348258706467662,TRUE,1.29737724372191,0.004,TRUE,2.14821941350479,0.001,TRUE,0.978621850133303,0.559,FALSE,1.60269103979301,0.032,TRUE,0.860447287616955,0.741,FALSE,"BrayCurtis",2.14821941350479
"Large",200,24,3.22151025997881,0.00497512437810945,TRUE,3.22994663834542,0.001,TRUE,8.87462061244399,0.001,TRUE,0.760466104618231,0.921,FALSE,7.43617572076024,0.001,TRUE,0.596068421003376,0.975,FALSE,"BrayCurtis",8.87462061244399
"Small",50,25,1.26275730882459,0.388059701492537,FALSE,1.05479766041873,0.273,FALSE,1.12479423645979,0.14,FALSE,1.09939169462531,0.3,FALSE,0.975135321396158,0.478,FALSE,0.933239547261655,0.619,FALSE,"BrayCurtis",1.12479423645979
"Medium",50,25,1.32409490140688,0.169154228855721,FALSE,1.0755876683363,0.22,FALSE,1.23514092002532,0.028,TRUE,0.999740804003703,0.503,FALSE,1.03610620663044,0.365,FALSE,1.17341540762036,0.195,FALSE,"BrayCurtis",1.23514092002532
"Large",50,25,1.75979368473192,0.00497512437810945,TRUE,1.53304021826486,0.001,TRUE,3.00145938868125,0.001,TRUE,1.01281518389988,0.492,FALSE,2.57960968989889,0.001,TRUE,1.23233634413526,0.133,FALSE,"BrayCurtis",3.00145938868125
"Small",100,3,1.39431487400408,0.17910447761194,FALSE,1.09369902302607,0.193,FALSE,1.11717575726511,0.15,FALSE,1.42888555990244,0.018,TRUE,0.798314355330074,0.8,FALSE,1.27854224699905,0.109,FALSE,"Jaccard",1.42888555990244
"Small",100,25,1.4096998466518,0.203980099502488,FALSE,1.14008827119859,0.102,FALSE,1.07371119013149,0.247,FALSE,1.12592584929548,0.233,FALSE,1.51389805331803,0.031,TRUE,1.07133268161212,0.374,FALSE,"WeightedUniFrac",1.51389805331803
"Medium",100,25,1.3594399647,0.263681592039801,FALSE,1.09070291447193,0.182,FALSE,1.51520216411552,0.002,TRUE,0.629604133648134,0.983,FALSE,2.06386539215893,0.001,TRUE,0.505053596948138,0.994,FALSE,"WeightedUniFrac",2.06386539215893
"Large",100,25,2.43207401621173,0.00497512437810945,TRUE,2.2658665588758,0.001,TRUE,5.27552833219815,0.001,TRUE,1.06182135554303,0.356,FALSE,7.40893260775151,0.001,TRUE,1.05794696654454,0.399,FALSE,"WeightedUniFrac",7.40893260775151
"Small",200,25,1.64035284034532,0.0298507462686567,TRUE,1.18999976078535,0.027,TRUE,1.24757251112495,0.023,TRUE,1.34398920000007,0.028,TRUE,1.39942506615244,0.07,FALSE,1.26128147231808,0.118,FALSE,"WeightedUniFrac",1.39942506615244
"Medium",200,25,1.59603114750066,0.0348258706467662,TRUE,1.24635746133097,0.014,TRUE,2.051660851774,0.001,TRUE,0.795670363875495,0.894,FALSE,2.07031163836294,0.002,TRUE,0.904422136212549,0.673,FALSE,"WeightedUniFrac",2.07031163836294
"Large",200,25,3.01985790825537,0.00497512437810945,TRUE,2.77045654728209,0.001,TRUE,7.61900714961427,0.001,TRUE,1.28429884049309,0.066,FALSE,8.2468756248786,0.001,TRUE,1.41229597525366,0.029,TRUE,"WeightedUniFrac",8.2468756248786
"Small",50,26,1.27638142546774,0.298507462686567,FALSE,1.02613060088297,0.371,FALSE,0.997508899000956,0.509,FALSE,1.1008925020347,0.278,FALSE,1.96782797038466,0.002,TRUE,1.26461102846208,0.13,FALSE,"WeightedUniFrac",1.96782797038466
"Medium",50,26,1.12324206323955,0.776119402985075,FALSE,1.03024292072755,0.353,FALSE,1.52095988515107,0.001,TRUE,0.921802407319174,0.658,FALSE,1.14421590229019,0.266,FALSE,0.786307038140763,0.84,FALSE,"BrayCurtis",1.52095988515107
"Large",50,26,1.53800559006901,0.0149253731343284,TRUE,1.36572488845046,0.002,TRUE,2.61756530805077,0.001,TRUE,0.717667826417365,0.962,FALSE,3.12489897643945,0.001,TRUE,0.638036199222917,0.98,FALSE,"WeightedUniFrac",3.12489897643945
"Small",100,26,1.54622240309503,0.0149253731343284,TRUE,1.17242520966908,0.059,FALSE,1.16607039813323,0.07,FALSE,1.18604992678274,0.154,FALSE,1.178177129997,0.202,FALSE,1.03736978324237,0.408,FALSE,"Jaccard",1.18604992678274
"Medium",100,3,1.69172742818235,0.00497512437810945,TRUE,1.35858771838433,0.002,TRUE,1.73235554479408,0.001,TRUE,1.29230371014997,0.052,FALSE,1.87837382057269,0.007,TRUE,1.18225419047423,0.177,FALSE,"WeightedUniFrac",1.87837382057269
"Medium",100,26,1.43652967419846,0.0995024875621891,FALSE,1.14682487807716,0.075,FALSE,1.50745739985805,0.001,TRUE,0.898047393174432,0.72,FALSE,1.91663634070522,0.004,TRUE,0.638387692107473,0.96,FALSE,"WeightedUniFrac",1.91663634070522
"Large",100,26,2.11027178012711,0.00497512437810945,TRUE,2.0198330162661,0.001,TRUE,4.76417413958444,0.001,TRUE,1.22955259067073,0.091,FALSE,4.41297167815763,0.001,TRUE,1.19289080275197,0.187,FALSE,"BrayCurtis",4.76417413958444
"Small",200,26,1.45436024323596,0.159203980099502,FALSE,1.09460781518314,0.17,FALSE,1.22267301447554,0.038,TRUE,1.06302629057779,0.372,FALSE,1.50368059220852,0.023,TRUE,1.12543987495592,0.25,FALSE,"WeightedUniFrac",1.50368059220852
"Medium",200,26,1.80988939384776,0.00497512437810945,TRUE,1.39923613789247,0.001,TRUE,2.07546504586756,0.001,TRUE,0.966504777220967,0.562,FALSE,1.83688945472692,0.006,TRUE,1.04945051411935,0.392,FALSE,"BrayCurtis",2.07546504586756
"Large",200,26,3.34428568432714,0.00497512437810945,TRUE,3.14827052949443,0.001,TRUE,8.76782514518977,0.001,TRUE,1.23873139464641,0.096,FALSE,7.01890269744459,0.001,TRUE,1.08395406310449,0.331,FALSE,"BrayCurtis",8.76782514518977
"Small",50,27,1.3656503452737,0.0845771144278607,FALSE,1.12334616111409,0.121,FALSE,1.05218788092229,0.328,FALSE,1.08224561641932,0.311,FALSE,0.756733121744516,0.885,FALSE,0.896996347510865,0.687,FALSE,"Euclidean",1.12334616111409
"Medium",50,27,1.20674457829887,0.54228855721393,FALSE,0.998861569730703,0.493,FALSE,1.30994043801728,0.004,TRUE,0.753043727426431,0.926,FALSE,1.58076899593426,0.01,TRUE,0.664294322867369,0.964,FALSE,"WeightedUniFrac",1.58076899593426
"Large",50,27,1.63064372358542,0.00497512437810945,TRUE,1.56253733028588,0.001,TRUE,2.77705065845651,0.001,TRUE,0.974756872537312,0.529,FALSE,2.57970452887788,0.001,TRUE,0.81446175367935,0.813,FALSE,"BrayCurtis",2.77705065845651
"Small",100,27,1.18066321798966,0.840796019900497,FALSE,0.938690189249277,0.71,FALSE,0.930291150688609,0.718,FALSE,1.03857689509109,0.393,FALSE,0.717005387968846,0.876,FALSE,1.1124272399357,0.278,FALSE,"UnweightedUniFrac",1.1124272399357
"Medium",100,27,1.5934761798776,0.0199004975124378,TRUE,1.29497107231263,0.003,TRUE,1.81529327194365,0.001,TRUE,0.790786920352407,0.881,FALSE,1.86662772708444,0.002,TRUE,0.843750461264341,0.769,FALSE,"WeightedUniFrac",1.86662772708444
"Large",100,3,2.27700234505351,0.00497512437810945,TRUE,1.96310289838514,0.001,TRUE,4.52890769708049,0.001,TRUE,1.19694864741748,0.137,FALSE,5.35561252622791,0.001,TRUE,1.27561003900152,0.112,FALSE,"WeightedUniFrac",5.35561252622791
"Large",100,27,2.25972776841093,0.00497512437810945,TRUE,2.00151431968027,0.001,TRUE,4.66308223985841,0.001,TRUE,0.706937121197729,0.963,FALSE,5.94656478291433,0.001,TRUE,0.807394484528289,0.841,FALSE,"WeightedUniFrac",5.94656478291433
"Small",200,27,1.62673080279297,0.00995024875621891,TRUE,1.25500514640952,0.009,TRUE,1.25536229679047,0.024,TRUE,1.20276275362573,0.124,FALSE,1.23400170373803,0.132,FALSE,1.40298697254584,0.036,TRUE,"UnweightedUniFrac",1.40298697254584
"Medium",200,27,1.78719312887419,0.00497512437810945,TRUE,1.4040482331418,0.001,TRUE,2.35357569766133,0.001,TRUE,0.871064003031111,0.76,FALSE,2.99265951903995,0.001,TRUE,0.931306555506444,0.621,FALSE,"WeightedUniFrac",2.99265951903995
"Large",200,27,3.17526022020521,0.00497512437810945,TRUE,2.84516226259585,0.001,TRUE,7.56984601942353,0.001,TRUE,0.985104312125523,0.526,FALSE,10.7715156804828,0.001,TRUE,0.922959906855645,0.635,FALSE,"WeightedUniFrac",10.7715156804828
"Small",50,28,1.43946027302282,0.0348258706467662,TRUE,1.19517552662519,0.041,TRUE,1.35774792505356,0.008,TRUE,1.1032364262039,0.298,FALSE,1.68191878017155,0.017,TRUE,0.967747386950619,0.525,FALSE,"WeightedUniFrac",1.68191878017155
"Medium",50,28,1.30921440694418,0.203980099502488,FALSE,1.08876705415674,0.188,FALSE,1.2115100997537,0.041,TRUE,0.875553025423651,0.773,FALSE,1.17660181369338,0.201,FALSE,0.916515372394957,0.647,FALSE,"BrayCurtis",1.2115100997537
"Large",50,28,1.83940942885103,0.00497512437810945,TRUE,1.70128401359972,0.001,TRUE,3.16241679619731,0.001,TRUE,1.13645860711899,0.233,FALSE,2.83399659117095,0.001,TRUE,1.2237651633187,0.136,FALSE,"BrayCurtis",3.16241679619731
"Small",100,28,1.35958816409042,0.253731343283582,FALSE,1.01674236328938,0.398,FALSE,1.00659865792872,0.443,FALSE,0.963343415311565,0.567,FALSE,1.53167189947234,0.028,TRUE,1.02606246434794,0.424,FALSE,"WeightedUniFrac",1.53167189947234
"Medium",100,28,1.36811090354982,0.298507462686567,FALSE,1.06924286931459,0.25,FALSE,1.44279617781368,0.001,TRUE,0.710413978913964,0.945,FALSE,1.13480055435567,0.251,FALSE,0.67340168424994,0.953,FALSE,"BrayCurtis",1.44279617781368
"Large",100,28,2.36920997564778,0.00497512437810945,TRUE,2.15805756842487,0.001,TRUE,4.86264134486898,0.001,TRUE,0.971189577384916,0.572,FALSE,4.54440053400732,0.001,TRUE,0.976837622986615,0.53,FALSE,"BrayCurtis",4.86264134486898
"Small",200,3,1.45374724221883,0.17910447761194,FALSE,1.07225958547323,0.23,FALSE,1.31727693353148,0.008,TRUE,1.23600084769084,0.1,FALSE,1.11424311008364,0.286,FALSE,1.23394063559394,0.139,FALSE,"BrayCurtis",1.31727693353148
"Small",200,28,1.24787644594486,0.741293532338308,FALSE,0.937792493858418,0.709,FALSE,0.957423535982428,0.654,FALSE,1.08523872617034,0.307,FALSE,0.939832891793943,0.599,FALSE,1.09904117101307,0.326,FALSE,"UnweightedUniFrac",1.09904117101307
"Medium",200,28,1.71221902003708,0.00995024875621891,TRUE,1.32914307326634,0.002,TRUE,2.07082222898241,0.001,TRUE,0.844925938723742,0.816,FALSE,2.64673571331081,0.001,TRUE,0.64719861936653,0.969,FALSE,"WeightedUniFrac",2.64673571331081
"Large",200,28,3.24955901293894,0.00497512437810945,TRUE,3.24565995351024,0.001,TRUE,8.86933844225322,0.001,TRUE,0.839933457540491,0.808,FALSE,9.9388785414406,0.001,TRUE,0.811297216531288,0.812,FALSE,"WeightedUniFrac",9.9388785414406
"Small",50,29,1.04904145061085,0.90547263681592,FALSE,0.794731983967542,0.98,FALSE,0.828174894571324,0.929,FALSE,0.891228853485502,0.718,FALSE,0.89364560602046,0.652,FALSE,0.907270102478229,0.642,FALSE,"UnweightedUniFrac",0.907270102478229
"Medium",50,29,1.22979269521719,0.482587064676617,FALSE,0.984831840406177,0.541,FALSE,1.05668401299808,0.294,FALSE,0.918258170843766,0.684,FALSE,0.909968981237982,0.638,FALSE,0.971437953771101,0.513,FALSE,"BrayCurtis",1.05668401299808
"Large",50,29,1.66492653830415,0.00497512437810945,TRUE,1.57979254844322,0.001,TRUE,2.90021121953926,0.001,TRUE,1.1082222011358,0.27,FALSE,3.67004349194579,0.001,TRUE,1.2447378941091,0.128,FALSE,"WeightedUniFrac",3.67004349194579
"Small",100,29,1.36964679294763,0.303482587064677,FALSE,1.06928220487724,0.248,FALSE,1.20555767779542,0.061,FALSE,0.975250056688444,0.551,FALSE,1.5492026339881,0.025,TRUE,0.850086289857523,0.768,FALSE,"WeightedUniFrac",1.5492026339881
"Medium",100,29,1.23560472647675,0.711442786069652,FALSE,0.998273059635995,0.521,FALSE,1.43970630988144,0.001,TRUE,0.803002443201715,0.873,FALSE,1.51120260257294,0.028,TRUE,0.897169693351056,0.681,FALSE,"WeightedUniFrac",1.51120260257294
"Large",100,29,2.05218366725591,0.00497512437810945,TRUE,1.89538164013845,0.001,TRUE,4.45208964378873,0.001,TRUE,1.45629186524098,0.01,TRUE,3.68914918592196,0.001,TRUE,1.33926285090447,0.07,FALSE,"BrayCurtis",4.45208964378873
"Small",200,29,1.6293840579915,0.0199004975124378,TRUE,1.21371061287213,0.023,TRUE,1.31029935662569,0.004,TRUE,1.29786215951365,0.043,TRUE,1.80672982218755,0.003,TRUE,1.28677671378696,0.093,FALSE,"WeightedUniFrac",1.80672982218755
"Medium",200,3,1.71920113835725,0.0199004975124378,TRUE,1.32784491363299,0.001,TRUE,2.0934854775437,0.001,TRUE,1.26041836272068,0.082,FALSE,2.27687759226104,0.001,TRUE,1.22085958507882,0.152,FALSE,"WeightedUniFrac",2.27687759226104
"Medium",200,29,1.94931347573328,0.00497512437810945,TRUE,1.51236924236504,0.001,TRUE,2.2601296903579,0.001,TRUE,1.27922939885913,0.055,FALSE,3.07114024336757,0.001,TRUE,1.30653558837195,0.075,FALSE,"WeightedUniFrac",3.07114024336757
"Large",200,29,3.23179552454618,0.00497512437810945,TRUE,2.99772522333762,0.001,TRUE,8.50758314824039,0.001,TRUE,0.941784077820063,0.629,FALSE,11.3694506181964,0.001,TRUE,0.907083721451766,0.649,FALSE,"WeightedUniFrac",11.3694506181964
"Small",50,30,1.31004063685394,0.174129353233831,FALSE,1.0883506548835,0.179,FALSE,1.22073001917184,0.04,TRUE,1.0178464538347,0.474,FALSE,1.35576845433652,0.093,FALSE,1.16861536086708,0.21,FALSE,"WeightedUniFrac",1.35576845433652
"Medium",50,30,1.40334507076043,0.0696517412935323,FALSE,1.19129640292481,0.031,TRUE,1.32401818326781,0.003,TRUE,0.981687402053022,0.542,FALSE,1.22832746971395,0.17,FALSE,0.92334415360256,0.634,FALSE,"BrayCurtis",1.32401818326781
"Large",50,30,1.48555276156977,0.0248756218905473,TRUE,1.34998104887916,0.002,TRUE,2.76982156499235,0.001,TRUE,0.829956345920203,0.822,FALSE,2.42017072327113,0.001,TRUE,0.791019933372077,0.851,FALSE,"BrayCurtis",2.76982156499235
"Small",100,30,1.29512208502675,0.567164179104478,FALSE,1.0188467710697,0.428,FALSE,1.0449464831539,0.341,FALSE,0.999043484952079,0.494,FALSE,1.14266065056666,0.218,FALSE,1.080464724519,0.334,FALSE,"WeightedUniFrac",1.14266065056666
"Medium",100,30,1.46096925449021,0.119402985074627,FALSE,1.1260651460385,0.108,FALSE,1.69334163047057,0.001,TRUE,0.944052512847035,0.605,FALSE,1.62446647996482,0.018,TRUE,0.95390788498643,0.581,FALSE,"BrayCurtis",1.69334163047057
"Large",100,30,2.00869532494998,0.00497512437810945,TRUE,1.8885655347907,0.001,TRUE,4.32460700064307,0.001,TRUE,0.958328395867838,0.593,FALSE,4.50784286271137,0.001,TRUE,0.830379349168652,0.802,FALSE,"WeightedUniFrac",4.50784286271137
"Small",200,30,1.45498494380297,0.213930348258706,FALSE,1.07057214406092,0.229,FALSE,1.29123017715468,0.004,TRUE,0.875977811840279,0.766,FALSE,1.29706837655582,0.111,FALSE,0.822174861767547,0.79,FALSE,"WeightedUniFrac",1.29706837655582
"Medium",200,30,1.71576934146357,0.00995024875621891,TRUE,1.31188948921505,0.003,TRUE,1.94802134959311,0.001,TRUE,1.18076422982729,0.132,FALSE,1.59401209839304,0.019,TRUE,1.21652957472946,0.142,FALSE,"BrayCurtis",1.94802134959311
"Large",200,3,2.96781517646352,0.00497512437810945,TRUE,2.76459941523283,0.001,TRUE,7.50047097381642,0.001,TRUE,1.05203168912093,0.378,FALSE,6.93291679108341,0.001,TRUE,1.04351518964729,0.402,FALSE,"BrayCurtis",7.50047097381642
"Large",200,30,3.28128164652285,0.00497512437810945,TRUE,2.96429022920911,0.001,TRUE,7.86601567975577,0.001,TRUE,0.920133833616548,0.683,FALSE,8.13689762866384,0.001,TRUE,1.02222273624601,0.454,FALSE,"WeightedUniFrac",8.13689762866384
"Small",50,4,1.3267769460264,0.159203980099502,FALSE,1.1120097116326,0.137,FALSE,1.32618087460247,0.003,TRUE,0.897329077979556,0.72,FALSE,0.949427894758676,0.549,FALSE,0.941430925432989,0.612,FALSE,"BrayCurtis",1.32618087460247
"Medium",50,4,1.12237807519064,0.830845771144279,FALSE,0.90255618733161,0.843,FALSE,1.17298909856736,0.072,FALSE,0.772715424981506,0.889,FALSE,1.34316819073748,0.062,FALSE,0.783945835794356,0.845,FALSE,"WeightedUniFrac",1.34316819073748
"Large",50,1,1.96559259973353,0.00497512437810945,TRUE,1.79446091684212,0.001,TRUE,2.98380075558537,0.001,TRUE,1.2555294168934,0.071,FALSE,3.01027261488522,0.001,TRUE,1.47745461653997,0.026,TRUE,"WeightedUniFrac",3.01027261488522
"Large",50,4,1.62463814822292,0.00497512437810945,TRUE,1.48018120181116,0.001,TRUE,2.99394707288682,0.001,TRUE,0.871656802477469,0.766,FALSE,2.2943053976393,0.001,TRUE,0.916497941437829,0.626,FALSE,"BrayCurtis",2.99394707288682
"Small",100,4,1.2528395945146,0.641791044776119,FALSE,0.992230877438306,0.542,FALSE,1.15637545860032,0.092,FALSE,0.897409833823482,0.694,FALSE,0.859462823417504,0.729,FALSE,0.858859335939791,0.759,FALSE,"BrayCurtis",1.15637545860032
"Medium",100,4,1.47417592329445,0.0845771144278607,FALSE,1.13596961734623,0.082,FALSE,1.56911821690378,0.001,TRUE,0.836488768784375,0.829,FALSE,1.55688562116879,0.04,TRUE,0.777414787991554,0.855,FALSE,"BrayCurtis",1.56911821690378
"Large",100,4,2.22557063603224,0.00497512437810945,TRUE,1.96643340681152,0.001,TRUE,4.56479781239454,0.001,TRUE,1.00801017958919,0.477,FALSE,4.56855387780969,0.001,TRUE,1.29399983537388,0.091,FALSE,"WeightedUniFrac",4.56855387780969
"Small",200,4,1.64841406801548,0.0199004975124378,TRUE,1.23053745816145,0.016,TRUE,1.22878754456858,0.021,TRUE,1.11178966628444,0.257,FALSE,1.65747485069463,0.016,TRUE,0.930780499274438,0.605,FALSE,"WeightedUniFrac",1.65747485069463
"Medium",200,4,1.7809943683986,0.00497512437810945,TRUE,1.42636974946523,0.001,TRUE,2.29539317356647,0.001,TRUE,0.977506911580332,0.538,FALSE,2.40397883921204,0.001,TRUE,1.01640810611146,0.45,FALSE,"WeightedUniFrac",2.40397883921204
"Large",200,4,3.09307272227684,0.00497512437810945,TRUE,2.91219993348189,0.001,TRUE,8.0631914724473,0.001,TRUE,0.98516099204108,0.503,FALSE,6.05076846241122,0.001,TRUE,0.977427169088097,0.548,FALSE,"BrayCurtis",8.0631914724473
"Small",50,5,1.32296468401746,0.218905472636816,FALSE,1.09927535331547,0.152,FALSE,1.13351974315261,0.128,FALSE,1.17109767068199,0.146,FALSE,1.64780895580451,0.02,TRUE,1.04910786121358,0.382,FALSE,"WeightedUniFrac",1.64780895580451
"Medium",50,5,1.45239029044151,0.00995024875621891,TRUE,1.1872543071695,0.042,TRUE,1.50064617686347,0.001,TRUE,0.924920524407401,0.656,FALSE,2.02816796167178,0.002,TRUE,1.03191838032508,0.446,FALSE,"WeightedUniFrac",2.02816796167178
"Large",50,5,1.67778772821249,0.00497512437810945,TRUE,1.55380453304162,0.001,TRUE,2.67417306356554,0.001,TRUE,1.17681994622108,0.173,FALSE,2.6991704598484,0.001,TRUE,1.21802118125205,0.129,FALSE,"WeightedUniFrac",2.6991704598484
"Small",100,1,1.28374120198769,0.552238805970149,FALSE,0.970613416790047,0.609,FALSE,1.02179425794711,0.43,FALSE,0.923608083238347,0.664,FALSE,0.852947073226652,0.695,FALSE,1.03131609382582,0.411,FALSE,"UnweightedUniFrac",1.03131609382582
"Small",100,5,1.33637260279664,0.338308457711443,FALSE,1.03803538860108,0.35,FALSE,1.11828570280603,0.135,FALSE,0.86125265195475,0.77,FALSE,1.30041964882847,0.135,FALSE,0.90404280427888,0.665,FALSE,"WeightedUniFrac",1.30041964882847
"Medium",100,5,1.51724173737264,0.0497512437810945,TRUE,1.24614109700611,0.016,TRUE,1.62209554030472,0.001,TRUE,1.17317507192257,0.144,FALSE,1.41899798763268,0.043,TRUE,1.19597211182277,0.188,FALSE,"BrayCurtis",1.62209554030472
"Large",100,5,1.98032159235939,0.00497512437810945,TRUE,1.95706209688569,0.001,TRUE,4.43145576103989,0.001,TRUE,0.94103526995309,0.631,FALSE,4.26467379642058,0.001,TRUE,1.06162075672111,0.374,FALSE,"BrayCurtis",4.43145576103989
"Small",200,5,1.45811105367948,0.189054726368159,FALSE,1.13930544510123,0.064,FALSE,1.22703009061228,0.028,TRUE,1.2353337469232,0.108,FALSE,1.42795667217794,0.036,TRUE,1.3368003528859,0.059,FALSE,"WeightedUniFrac",1.42795667217794
"Medium",200,5,1.74222658464509,0.0149253731343284,TRUE,1.37278188761692,0.002,TRUE,2.11418067852234,0.001,TRUE,1.04184092917875,0.384,FALSE,3.21845850971547,0.001,TRUE,0.887555186097454,0.685,FALSE,"WeightedUniFrac",3.21845850971547
"Large",200,5,3.38379339028226,0.00497512437810945,TRUE,3.12216552082252,0.001,TRUE,8.87126420964464,0.001,TRUE,0.831233859042507,0.801,FALSE,9.16281194482778,0.001,TRUE,0.784580920396825,0.839,FALSE,"WeightedUniFrac",9.16281194482778
"Small",50,6,1.39018423170747,0.0646766169154229,FALSE,1.12657420239672,0.113,FALSE,1.17545230775577,0.072,FALSE,1.05238953294182,0.394,FALSE,1.07308148119594,0.308,FALSE,1.10639432885326,0.305,FALSE,"BrayCurtis",1.17545230775577
"Medium",50,6,1.3475140121986,0.169154228855721,FALSE,1.15295325881344,0.061,FALSE,1.10285446020943,0.223,FALSE,1.20577993064356,0.131,FALSE,1.13652778139558,0.235,FALSE,1.22972001738585,0.151,FALSE,"UnweightedUniFrac",1.22972001738585
"Large",50,6,1.46764057947376,0.0199004975124378,TRUE,1.28706019313564,0.004,TRUE,2.57991218710304,0.001,TRUE,0.988438258160617,0.515,FALSE,1.83461180326955,0.004,TRUE,0.988614626328698,0.499,FALSE,"BrayCurtis",2.57991218710304
"Small",100,6,1.53696934200014,0.0348258706467662,TRUE,1.2112805862901,0.018,TRUE,1.16728612873777,0.084,FALSE,1.19067819182779,0.156,FALSE,1.57219981165412,0.023,TRUE,1.29000807328151,0.099,FALSE,"WeightedUniFrac",1.57219981165412
"Medium",100,1,1.48047972079403,0.0597014925373134,FALSE,1.21061419058472,0.021,TRUE,1.56824860017097,0.001,TRUE,0.88171739472631,0.746,FALSE,1.03970125491965,0.367,FALSE,0.876853396998549,0.728,FALSE,"BrayCurtis",1.56824860017097
"Medium",100,6,1.53937913262856,0.00497512437810945,TRUE,1.28801109819575,0.006,TRUE,1.77902923436391,0.001,TRUE,1.07155259167125,0.368,FALSE,1.54854064458756,0.024,TRUE,1.08429077377839,0.344,FALSE,"BrayCurtis",1.77902923436391
"Large",100,6,1.9383422507844,0.00497512437810945,TRUE,1.75396110765763,0.001,TRUE,4.55542668129039,0.001,TRUE,0.584177395563171,0.995,FALSE,3.52025933778414,0.001,TRUE,0.521137094007692,0.995,FALSE,"BrayCurtis",4.55542668129039
"Small",200,6,1.74672480766263,0.00995024875621891,TRUE,1.31314174753396,0.004,TRUE,1.36749255109704,0.004,TRUE,1.1143762382285,0.24,FALSE,1.07335167716131,0.338,FALSE,1.01206127879704,0.452,FALSE,"BrayCurtis",1.36749255109704
"Medium",200,6,1.50762979652175,0.104477611940299,FALSE,1.17250676683688,0.045,TRUE,1.9184462424563,0.001,TRUE,0.939025583536193,0.632,FALSE,1.79437467307691,0.01,TRUE,1.08741404100791,0.344,FALSE,"BrayCurtis",1.9184462424563
"Large",200,6,2.77167661131432,0.00497512437810945,TRUE,2.57844112263201,0.001,TRUE,8.50636169336484,0.001,TRUE,0.907317556757736,0.677,FALSE,8.11862624809037,0.001,TRUE,0.887964353089582,0.686,FALSE,"BrayCurtis",8.50636169336484
"Small",50,7,1.04201528675649,0.980099502487562,FALSE,0.864161586314944,0.924,FALSE,0.970520998573536,0.591,FALSE,0.830332702909456,0.832,FALSE,1.00235364539783,0.433,FALSE,0.719828424188324,0.922,FALSE,"WeightedUniFrac",1.00235364539783
"Medium",50,7,1.27764729984612,0.298507462686567,FALSE,1.19037720033877,0.038,TRUE,1.34928798063308,0.002,TRUE,1.02776409925726,0.411,FALSE,1.51025218557244,0.037,TRUE,1.07219615836556,0.318,FALSE,"WeightedUniFrac",1.51025218557244
"Large",50,7,1.29434696538373,0.27363184079602,FALSE,1.15636794827682,0.06,FALSE,2.39872183723844,0.001,TRUE,0.723257919580797,0.948,FALSE,2.50570244651749,0.001,TRUE,0.699145882406782,0.93,FALSE,"WeightedUniFrac",2.50570244651749
"Small",100,7,1.32515881584695,0.427860696517413,FALSE,1.04208697360137,0.312,FALSE,1.13751645082053,0.123,FALSE,1.01613508020045,0.465,FALSE,0.837642943102961,0.758,FALSE,1.08187268570137,0.343,FALSE,"BrayCurtis",1.13751645082053
"Medium",100,7,1.54156587424983,0.00995024875621891,TRUE,1.24472666671642,0.018,TRUE,1.73166426518159,0.001,TRUE,0.99444015503613,0.469,FALSE,1.19043951823559,0.205,FALSE,1.02860396986133,0.434,FALSE,"BrayCurtis",1.73166426518159
"Large",100,1,2.23911201465189,0.00497512437810945,TRUE,2.23824711656905,0.001,TRUE,5.02643060760143,0.001,TRUE,1.27954343865222,0.073,FALSE,5.74007261113803,0.001,TRUE,1.244174235785,0.109,FALSE,"WeightedUniFrac",5.74007261113803
"Large",100,7,2.34617271592869,0.00497512437810945,TRUE,2.12880390144744,0.001,TRUE,4.50340927769019,0.001,TRUE,1.04684261357097,0.379,FALSE,5.44684236311898,0.001,TRUE,1.23732748133925,0.129,FALSE,"WeightedUniFrac",5.44684236311898
"Small",200,7,1.50449776315558,0.104477611940299,FALSE,1.13977937772883,0.094,FALSE,1.23703566916837,0.025,TRUE,0.685030850138235,0.959,FALSE,1.68042305703408,0.011,TRUE,0.551804005607424,0.99,FALSE,"WeightedUniFrac",1.68042305703408
"Medium",200,7,1.67106363145313,0.00497512437810945,TRUE,1.3056628003413,0.003,TRUE,2.24595817881228,0.001,TRUE,0.945191319695452,0.605,FALSE,1.69656129620198,0.026,TRUE,0.925544767013922,0.603,FALSE,"BrayCurtis",2.24595817881228
"Large",200,7,3.23301486482019,0.00497512437810945,TRUE,3.30636511244372,0.001,TRUE,9.03982531787737,0.001,TRUE,0.71262014734065,0.953,FALSE,7.80850026338806,0.001,TRUE,0.790508833548849,0.843,FALSE,"BrayCurtis",9.03982531787737
"Small",50,8,1.08052330187836,0.855721393034826,FALSE,0.852674618939679,0.938,FALSE,0.920051176687565,0.759,FALSE,1.03760900876764,0.381,FALSE,0.862963753093114,0.695,FALSE,1.10432376818999,0.31,FALSE,"UnweightedUniFrac",1.10432376818999
"Medium",50,8,1.29668340561041,0.243781094527363,FALSE,1.15685838926659,0.073,FALSE,1.39961645620143,0.003,TRUE,0.951304082290889,0.574,FALSE,1.47858200881408,0.037,TRUE,1.01334138676637,0.468,FALSE,"WeightedUniFrac",1.47858200881408
"Large",50,8,1.86789418739592,0.00497512437810945,TRUE,1.7116803739818,0.001,TRUE,3.47529662355706,0.001,TRUE,0.798314514309208,0.878,FALSE,3.11091857016276,0.001,TRUE,0.716368323252765,0.926,FALSE,"BrayCurtis",3.47529662355706
"Small",100,8,1.14267263490892,0.920398009950249,FALSE,0.871727429500451,0.909,FALSE,0.743818094038581,0.996,FALSE,1.12375080945715,0.27,FALSE,0.578190044726737,0.991,FALSE,1.07607959961918,0.344,FALSE,"Jaccard",1.12375080945715
"Medium",100,8,1.58061806297083,0.00995024875621891,TRUE,1.23117208412262,0.021,TRUE,1.53642787437135,0.001,TRUE,0.887664862964735,0.725,FALSE,1.63367756797923,0.011,TRUE,0.874121982868414,0.726,FALSE,"WeightedUniFrac",1.63367756797923
"Large",100,8,2.18701867239181,0.00497512437810945,TRUE,2.03368109303885,0.001,TRUE,4.49747355565075,0.001,TRUE,0.918729117150786,0.682,FALSE,5.94402041541567,0.001,TRUE,1.05196046380459,0.38,FALSE,"WeightedUniFrac",5.94402041541567
"Small",200,1,1.38394741229241,0.398009950248756,FALSE,1.0787757428739,0.199,FALSE,1.08163789218865,0.206,FALSE,0.939169102759772,0.618,FALSE,1.04073330319518,0.376,FALSE,0.891880104799432,0.68,FALSE,"BrayCurtis",1.08163789218865
"Small",200,8,1.43599359669245,0.278606965174129,FALSE,1.07391218442473,0.216,FALSE,1.11511913399577,0.168,FALSE,1.07230564660981,0.337,FALSE,0.82242378303656,0.773,FALSE,1.27733557970465,0.087,FALSE,"UnweightedUniFrac",1.27733557970465
"Medium",200,8,1.80284206137796,0.00497512437810945,TRUE,1.43141307160327,0.001,TRUE,2.24941524164337,0.001,TRUE,1.02589436829285,0.442,FALSE,1.79988113237743,0.003,TRUE,0.821478282653808,0.803,FALSE,"BrayCurtis",2.24941524164337
"Large",200,8,2.96506645683544,0.00497512437810945,TRUE,2.77500449587991,0.001,TRUE,7.89958798608059,0.001,TRUE,0.860855541559736,0.797,FALSE,8.4324195767139,0.001,TRUE,0.753978047159835,0.87,FALSE,"WeightedUniFrac",8.4324195767139
"Small",50,9,1.16270051759513,0.616915422885572,FALSE,0.952654215986741,0.673,FALSE,0.971600829968691,0.582,FALSE,0.976439620181842,0.531,FALSE,0.882225866515951,0.684,FALSE,0.968090226454556,0.561,FALSE,"Jaccard",0.976439620181842
"Medium",50,9,1.3027113430426,0.253731343283582,FALSE,1.02955383795659,0.377,FALSE,1.20621101562217,0.048,TRUE,0.8352735320162,0.81,FALSE,1.00822197788633,0.443,FALSE,0.869989873901177,0.704,FALSE,"BrayCurtis",1.20621101562217
"Large",50,9,1.63911683192163,0.00497512437810945,TRUE,1.48140619673922,0.001,TRUE,2.79693012445205,0.001,TRUE,1.01184048373267,0.459,FALSE,3.29568651548072,0.001,TRUE,1.02050260781584,0.473,FALSE,"WeightedUniFrac",3.29568651548072
"Small",100,9,1.20026081015034,0.776119402985075,FALSE,0.934414413382888,0.735,FALSE,1.19220595163741,0.048,TRUE,0.772860363568418,0.89,FALSE,1.13106612715062,0.236,FALSE,0.727967068780505,0.902,FALSE,"BrayCurtis",1.19220595163741
"Medium",100,9,1.46503350492009,0.0796019900497512,FALSE,1.17656753282729,0.051,FALSE,1.62492364562427,0.001,TRUE,0.922214925232871,0.683,FALSE,1.93512398203446,0.002,TRUE,0.750834221311758,0.889,FALSE,"WeightedUniFrac",1.93512398203446
"Large",100,9,2.13232684946596,0.00497512437810945,TRUE,1.94916046731909,0.001,TRUE,4.63796738068277,0.001,TRUE,0.644289805220744,0.991,FALSE,4.85306043706473,0.001,TRUE,0.751377161549349,0.886,FALSE,"WeightedUniFrac",4.85306043706473
"Small",200,9,1.45964093563763,0.194029850746269,FALSE,1.07864322488408,0.219,FALSE,1.04937556134455,0.327,FALSE,1.12097027245758,0.253,FALSE,1.13286511425772,0.264,FALSE,1.36189748523113,0.054,FALSE,"UnweightedUniFrac",1.36189748523113
"Medium",200,1,1.78057056744861,0.00497512437810945,TRUE,1.4011488851985,0.001,TRUE,2.26563032930812,0.001,TRUE,0.995813861781659,0.509,FALSE,1.95263041257855,0.005,TRUE,1.05313509622626,0.383,FALSE,"BrayCurtis",2.26563032930812
"Medium",200,9,1.607099785602,0.0398009950248756,TRUE,1.22817361032348,0.016,TRUE,2.2439886878733,0.001,TRUE,0.69843214107799,0.964,FALSE,2.51314045780682,0.001,TRUE,0.779717651693741,0.844,FALSE,"WeightedUniFrac",2.51314045780682
"Large",200,9,3.41564134936325,0.00497512437810945,TRUE,3.06236776199648,0.001,TRUE,7.75970229172566,0.001,TRUE,1.12834743257609,0.241,FALSE,8.14292645587838,0.001,TRUE,1.25181188003029,0.111,FALSE,"WeightedUniFrac",8.14292645587838
"Small",50,10,1.25780588428609,0.407960199004975,FALSE,1.06706838144928,0.245,FALSE,1.00088753760376,0.476,FALSE,1.12987828905021,0.243,FALSE,1.1994079133649,0.17,FALSE,1.2696753307984,0.127,FALSE,"UnweightedUniFrac",1.2696753307984
"Medium",50,10,1.30379780389985,0.223880597014925,FALSE,1.16290559921139,0.052,FALSE,1.35870620076747,0.001,TRUE,0.936896826407868,0.618,FALSE,1.7562802051366,0.008,TRUE,0.777608584997285,0.869,FALSE,"WeightedUniFrac",1.7562802051366
"Large",50,10,1.51025748072658,0.0149253731343284,TRUE,1.44589035153175,0.001,TRUE,2.45480028630075,0.001,TRUE,1.34661072272919,0.032,TRUE,2.14857845162177,0.002,TRUE,1.34682900615403,0.056,FALSE,"BrayCurtis",2.45480028630075
"Small",100,10,1.48291844008211,0.114427860696517,FALSE,1.14718204985988,0.093,FALSE,1.2362621898035,0.024,TRUE,0.96368089251382,0.575,FALSE,0.851871422570788,0.698,FALSE,0.911292787363431,0.675,FALSE,"BrayCurtis",1.2362621898035
"Medium",100,10,1.31427913301133,0.45771144278607,FALSE,1.02774299969949,0.363,FALSE,1.55968447970579,0.001,TRUE,1.20814602533669,0.119,FALSE,1.53424778954641,0.027,TRUE,1.09586086459958,0.315,FALSE,"BrayCurtis",1.55968447970579
"Large",100,10,1.99028172059559,0.00497512437810945,TRUE,1.86788520744226,0.001,TRUE,4.70409541594196,0.001,TRUE,0.735726836455462,0.936,FALSE,6.07204921117645,0.001,TRUE,0.834540173353806,0.785,FALSE,"WeightedUniFrac",6.07204921117645
"Small",200,10,1.21862605880652,0.885572139303483,FALSE,0.893700262345044,0.872,FALSE,1.04761295782505,0.345,FALSE,0.565497712478806,1,FALSE,1.386823148916,0.062,FALSE,0.473758661904634,0.996,FALSE,"WeightedUniFrac",1.386823148916
"Medium",200,10,1.89527075089186,0.00497512437810945,TRUE,1.55763047275157,0.001,TRUE,2.41699557208883,0.001,TRUE,1.22294034303789,0.114,FALSE,2.16010489801561,0.002,TRUE,1.30143525394149,0.076,FALSE,"BrayCurtis",2.41699557208883
"Large",200,1,3.29674574796084,0.00497512437810945,TRUE,3.11832228244738,0.001,TRUE,8.47669845206333,0.001,TRUE,0.950639623664039,0.592,FALSE,10.8218781429692,0.001,TRUE,0.983405455278764,0.512,FALSE,"WeightedUniFrac",10.8218781429692
"Large",200,10,3.32032537231319,0.00497512437810945,TRUE,3.02087320867194,0.001,TRUE,7.81315715856693,0.001,TRUE,1.07127902427082,0.335,FALSE,6.93118361089544,0.001,TRUE,1.06624494639029,0.347,FALSE,"BrayCurtis",7.81315715856693
"Small",50,11,1.48151098783247,0.0199004975124378,TRUE,1.22868701952565,0.014,TRUE,1.39620627452049,0.002,TRUE,1.09554893816662,0.315,FALSE,0.908511837334611,0.611,FALSE,1.26728296256204,0.105,FALSE,"BrayCurtis",1.39620627452049
"Medium",50,11,1.19142034528064,0.582089552238806,FALSE,0.993490069508196,0.534,FALSE,1.28148065779003,0.009,TRUE,1.02494991501074,0.428,FALSE,1.23047804776588,0.155,FALSE,1.09324007697838,0.315,FALSE,"BrayCurtis",1.28148065779003
"Large",50,11,1.81994516987386,0.00497512437810945,TRUE,1.76549671301642,0.001,TRUE,3.14503903921598,0.001,TRUE,1.35750514007381,0.026,TRUE,2.64282846209853,0.001,TRUE,1.48206016122745,0.021,TRUE,"BrayCurtis",3.14503903921598
"Small",100,11,1.33580842546147,0.343283582089552,FALSE,1.07096581957447,0.241,FALSE,1.05576190615602,0.306,FALSE,1.13159781134289,0.211,FALSE,1.30598127383779,0.09,FALSE,1.27736785038097,0.097,FALSE,"WeightedUniFrac",1.30598127383779
"Medium",100,11,1.41625345490306,0.169154228855721,FALSE,1.09999222457524,0.146,FALSE,1.37811688277195,0.002,TRUE,1.1090766356415,0.256,FALSE,1.36073638250882,0.068,FALSE,1.12492797479677,0.248,FALSE,"BrayCurtis",1.37811688277195
"Large",100,11,1.89805892403727,0.00497512437810945,TRUE,1.79953072565741,0.001,TRUE,4.66223890599951,0.001,TRUE,0.802040517908775,0.867,FALSE,5.13711749672711,0.001,TRUE,0.742322699573373,0.902,FALSE,"WeightedUniFrac",5.13711749672711
"Small",200,11,1.67900657855798,0.0149253731343284,TRUE,1.260614001676,0.009,TRUE,1.32646242999832,0.002,TRUE,1.11047599253537,0.264,FALSE,1.23422912896166,0.126,FALSE,1.33175513492135,0.079,FALSE,"UnweightedUniFrac",1.33175513492135
"Medium",200,11,1.84368077397103,0.00497512437810945,TRUE,1.46450851790809,0.001,TRUE,2.30178835371974,0.001,TRUE,0.700852689042962,0.965,FALSE,2.40028090379443,0.001,TRUE,0.727533430419837,0.923,FALSE,"WeightedUniFrac",2.40028090379443
"Large",200,11,3.23155619541711,0.00497512437810945,TRUE,3.1369277179273,0.001,TRUE,8.25696244682332,0.001,TRUE,0.875197612683101,0.75,FALSE,10.5255643015995,0.001,TRUE,0.874721878792459,0.729,FALSE,"WeightedUniFrac",10.5255643015995
